दिन,ग्रह,रंग,Hex Code,,,,
सोमवार,चंद्रमा,सफेद,#FFFFFF,,,,
सोमवार,चंद्रमा,चांदी,#C0C0C0,,,,
मंगलवार,मंगल,लाल,#FF0000,,,,
बुधवार,बुध,हरा,#008000,,,,
गुरुवार,बृहस्पति,पीला,#FFFF00,,,,
गुरुवार,बृहस्पति,सुनहरा,#FFD700,,,,
शुक्रवार,शुक्र,सफेद,#FFFFFF,,,,
शुक्रवार,शुक्र,हल्का नीला,#ADD8E6,,,,
शनिवार,शनि,काला,#000000,,,,
शनिवार,शनि,गहरा नीला,#00008B,,,,
रविवार,सूर्य,लाल,#FF0000,,,,
रविवार,सूर्य,सुनहरा,#FFD700,,,,
,,,,,,,
,,,,,,,
,,,,,,,
,,,,,,,
,,,,,,,
,,,,,,,
,,,,,,,
,,,,,,,
,,,,,,,
,,,,,,,
,,,,,,,
,,,,,,,
,,,,,,,
,,,,,,,
,,,,,,,
,,,,,,,
,,,,,,,
,,,,,,,
,,,,,,,
,,,,,,,
,,,,,,,
,,,,,,,
,,,,,,,
,,,,,,,
,,,,,,,
,,,,,,,
,,,,,,,
,,,,,,,
,,,,,,,
,,,,,,,
,,,,,,,
,,,,,,,
,,,,,,,
,,,,,,,
,,,,,,,
,,,,,,,
,,,,,,,
,,,,,,,
,,,,,,,
,,,,,,,
,,,,,,,
,,,,,,,
,,,,,,,
,,,,,,,
,,,,,,,
,,,,,,,
,,,,,,,
,,,,,,,
,,,,,,,
,,,,,,,
,,,,,,,
,,,,,,,
,,,,,,,
,,,,,,,
,,,,,,,
,,,,,,,
,,,,,,,
,,,,,,,
,,,,,,,
,,,,,,,
,,,,,,,
,,,,,,,
,,,,,,,
,,,,,,,
,,,,,,,
,,,,,,,
,,,,,,,
,,,,,,,
,,,,,,,
,,,,,,,
,,,,,,,
,,,,,,,
,,,,,,,
,,,,,,,
,,,,,,,
,,,,,,,
,,,,,,,
,,,,,,,
,,,,,,,
,,,,,,,
,,,,,,,
,,,,,,,
,,,,,,,
,,,,,,,
,,,,,,,
,,,,,,,
,,,,,,,
,,,,,,,
,,,,,,,
,,,,,,,
,,,,,,,
,,,,,,,
,,,,,,,
,,,,,,,
,,,,,,,
,,,,,,,
,,,,,,,
,,,,,,,
,,,,,,,
,,,,,,,
,,,,,,,
,,,,,,,
,,,,,,,
,,,,,,,
,,,,,,,
,,,,,,,
,,,,,,,
,,,,,,,
,,,,,,,
,,,,,,,
,,,,,,,
,,,,,,,
,,,,,,,
,,,,,,,
,,,,,,,
,,,,,,,
,,,,,,,
,,,,,,,
,,,,,,,
,,,,,,,
,,,,,,,
,,,,,,,
,,,,,,,
,,,,,,,
,,,,,,,
,,,,,,,
,,,,,,,
,,,,,,,
,,,,,,,
,,,,,,,
,,,,,,,
,,,,,,,
,,,,,,,
,,,,,,,
,,,,,,,
,,,,,,,
,,,,,,,
,,,,,,,
,,,,,,,
,,,,,,,
,,,,,,,
,,,,,,,
,,,,,,,
,,,,,,,
,,,,,,,
,,,,,,,
,,,,,,,
,,,,,,,
,,,,,,,
,,,,,,,
,,,,,,,
,,,,,,,
,,,,,,,
,,,,,,,
,,,,,,,
,,,,,,,
,,,,,,,
,,,,,,,
,,,,,,,
,,,,,,,
,,,,,,,
,,,,,,,
,,,,,,,
,,,,,,,
,,,,,,,
,,,,,,,
,,,,,,,
,,,,,,,
,,,,,,,
,,,,,,,
,,,,,,,
,,,,,,,
,,,,,,,
,,,,,,,
,,,,,,,
,,,,,,,
,,,,,,,
,,,,,,,
,,,,,,,
,,,,,,,
,,,,,,,
,,,,,,,
,,,,,,,
,,,,,,,
,,,,,,,
,,,,,,,
,,,,,,,
,,,,,,,
,,,,,,,
,,,,,,,
,,,,,,,
,,,,,,,
,,,,,,,
,,,,,,,
,,,,,,,
,,,,,,,
,,,,,,,
,,,,,,,
,,,,,,,
,,,,,,,
,,,,,,,
,,,,,,,
,,,,,,,
,,,,,,,
,,,,,,,
,,,,,,,
,,,,,,,
,,,,,,,
,,,,,,,
,,,,,,,
,,,,,,,
,,,,,,,
,,,,,,,
,,,,,,,
,,,,,,,
,,,,,,,
,,,,,,,
,,,,,,,
,,,,,,,
,,,,,,,
,,,,,,,
,,,,,,,
,,,,,,,
,,,,,,,
,,,,,,,
,,,,,,,
,,,,,,,
,,,,,,,
,,,,,,,
,,,,,,,
,,,,,,,
,,,,,,,
,,,,,,,
,,,,,,,
,,,,,,,
,,,,,,,
,,,,,,,
,,,,,,,
,,,,,,,
,,,,,,,
,,,,,,,
,,,,,,,
,,,,,,,
,,,,,,,
,,,,,,,
,,,,,,,
,,,,,,,
,,,,,,,
,,,,,,,
,,,,,,,
,,,,,,,
,,,,,,,
,,,,,,,
,,,,,,,
,,,,,,,
,,,,,,,
,,,,,,,
,,,,,,,
,,,,,,,
,,,,,,,
,,,,,,,
,,,,,,,
,,,,,,,
,,,,,,,
,,,,,,,
,,,,,,,
,,,,,,,
,,,,,,,
,,,,,,,
,,,,,,,
,,,,,,,
,,,,,,,
,,,,,,,
,,,,,,,
,,,,,,,
,,,,,,,
,,,,,,,
,,,,,,,
,,,,,,,
,,,,,,,
,,,,,,,
,,,,,,,
,,,,,,,
,,,,,,,
,,,,,,,
,,,,,,,
,,,,,,,
,,,,,,,
,,,,,,,
,,,,,,,
,,,,,,,
,,,,,,,
,,,,,,,
,,,,,,,
,,,,,,,
,,,,,,,
,,,,,,,
,,,,,,,
,,,,,,,
,,,,,,,
,,,,,,,
,,,,,,,
,,,,,,,
,,,,,,,
,,,,,,,
,,,,,,,
,,,,,,,
,,,,,,,
,,,,,,,
,,,,,,,
,,,,,,,
,,,,,,,
,,,,,,,
,,,,,,,
,,,,,,,
,,,,,,,
,,,,,,,
,,,,,,,
,,,,,,,
,,,,,,,
,,,,,,,
,,,,,,,
,,,,,,,
,,,,,,,
,,,,,,,
,,,,,,,
,,,,,,,
,,,,,,,
,,,,,,,
,,,,,,,
,,,,,,,
,,,,,,,
,,,,,,,
,,,,,,,
,,,,,,,
,,,,,,,
,,,,,,,
,,,,,,,
,,,,,,,
,,,,,,,
,,,,,,,
,,,,,,,
,,,,,,,
,,,,,,,
,,,,,,,
,,,,,,,
,,,,,,,
,,,,,,,
,,,,,,,
,,,,,,,
,,,,,,,
,,,,,,,
,,,,,,,
,,,,,,,
,,,,,,,
,,,,,,,
,,,,,,,
,,,,,,,
,,,,,,,
,,,,,,,
,,,,,,,
,,,,,,,
,,,,,,,
,,,,,,,
,,,,,,,
,,,,,,,
,,,,,,,
,,,,,,,
,,,,,,,
,,,,,,,
,,,,,,,
,,,,,,,
,,,,,,,
,,,,,,,
,,,,,,,
,,,,,,,
,,,,,,,
,,,,,,,
,,,,,,,
,,,,,,,
,,,,,,,
,,,,,,,
,,,,,,,
,,,,,,,
,,,,,,,
,,,,,,,
,,,,,,,
,,,,,,,
,,,,,,,
,,,,,,,
,,,,,,,
,,,,,,,
,,,,,,,
,,,,,,,
,,,,,,,
,,,,,,,
,,,,,,,
,,,,,,,
,,,,,,,
,,,,,,,
,,,,,,,
,,,,,,,
,,,,,,,
,,,,,,,
,,,,,,,
,,,,,,,
,,,,,,,
,,,,,,,
,,,,,,,
,,,,,,,
,,,,,,,
,,,,,,,
,,,,,,,
,,,,,,,
,,,,,,,
,,,,,,,
,,,,,,,
,,,,,,,
,,,,,,,
,,,,,,,
,,,,,,,
,,,,,,,
,,,,,,,
,,,,,,,
,,,,,,,
,,,,,,,
,,,,,,,
,,,,,,,
,,,,,,,
,,,,,,,
,,,,,,,
,,,,,,,
,,,,,,,
,,,,,,,
,,,,,,,
,,,,,,,
,,,,,,,
,,,,,,,
,,,,,,,
,,,,,,,
,,,,,,,
,,,,,,,
,,,,,,,
,,,,,,,
,,,,,,,
,,,,,,,
,,,,,,,
,,,,,,,
,,,,,,,
,,,,,,,
,,,,,,,
,,,,,,,
,,,,,,,
,,,,,,,
,,,,,,,
,,,,,,,
,,,,,,,
,,,,,,,
,,,,,,,
,,,,,,,
,,,,,,,
,,,,,,,
,,,,,,,
,,,,,,,
,,,,,,,
,,,,,,,
,,,,,,,
,,,,,,,
,,,,,,,
,,,,,,,
,,,,,,,
,,,,,,,
,,,,,,,
,,,,,,,
,,,,,,,
,,,,,,,
,,,,,,,
,,,,,,,
,,,,,,,
,,,,,,,
,,,,,,,
,,,,,,,
,,,,,,,
,,,,,,,
,,,,,,,
,,,,,,,
,,,,,,,
,,,,,,,
,,,,,,,
,,,,,,,
,,,,,,,
,,,,,,,
,,,,,,,
,,,,,,,
,,,,,,,
,,,,,,,
,,,,,,,
,,,,,,,
,,,,,,,
,,,,,,,
,,,,,,,
,,,,,,,
,,,,,,,
,,,,,,,
,,,,,,,
,,,,,,,
,,,,,,,
,,,,,,,
,,,,,,,
,,,,,,,
,,,,,,,
,,,,,,,
,,,,,,,
,,,,,,,
,,,,,,,
,,,,,,,
,,,,,,,
,,,,,,,
,,,,,,,
,,,,,,,
,,,,,,,
,,,,,,,
,,,,,,,
,,,,,,,
,,,,,,,
,,,,,,,
,,,,,,,
,,,,,,,
,,,,,,,
,,,,,,,
,,,,,,,
,,,,,,,
,,,,,,,
,,,,,,,
,,,,,,,
,,,,,,,
,,,,,,,
,,,,,,,
,,,,,,,
,,,,,,,
,,,,,,,
,,,,,,,
,,,,,,,
,,,,,,,
,,,,,,,
,,,,,,,
,,,,,,,
,,,,,,,
,,,,,,,
,,,,,,,
,,,,,,,
,,,,,,,
,,,,,,,
,,,,,,,
,,,,,,,
,,,,,,,
,,,,,,,
,,,,,,,
,,,,,,,
,,,,,,,
,,,,,,,
,,,,,,,
,,,,,,,
,,,,,,,
,,,,,,,
,,,,,,,
,,,,,,,
,,,,,,,
,,,,,,,
,,,,,,,
,,,,,,,
,,,,,,,
,,,,,,,
,,,,,,,
,,,,,,,
,,,,,,,
,,,,,,,
,,,,,,,
,,,,,,,
,,,,,,,
,,,,,,,
,,,,,,,
,,,,,,,
,,,,,,,
,,,,,,,
,,,,,,,
,,,,,,,
,,,,,,,
,,,,,,,
,,,,,,,
,,,,,,,
,,,,,,,
,,,,,,,
,,,,,,,
,,,,,,,
,,,,,,,
,,,,,,,
,,,,,,,
,,,,,,,
,,,,,,,
,,,,,,,
,,,,,,,
,,,,,,,
,,,,,,,
,,,,,,,
,,,,,,,
,,,,,,,
,,,,,,,
,,,,,,,
,,,,,,,
,,,,,,,
,,,,,,,
,,,,,,,
,,,,,,,
,,,,,,,
,,,,,,,
,,,,,,,
,,,,,,,
,,,,,,,
,,,,,,,
,,,,,,,
,,,,,,,
,,,,,,,
,,,,,,,
,,,,,,,
,,,,,,,
,,,,,,,
,,,,,,,
,,,,,,,
,,,,,,,
,,,,,,,
,,,,,,,
,,,,,,,
,,,,,,,
,,,,,,,
,,,,,,,
,,,,,,,
,,,,,,,
,,,,,,,
,,,,,,,
,,,,,,,
,,,,,,,
,,,,,,,
,,,,,,,
,,,,,,,
,,,,,,,
,,,,,,,
,,,,,,,
,,,,,,,
,,,,,,,
,,,,,,,
,,,,,,,
,,,,,,,
,,,,,,,
,,,,,,,
,,,,,,,
,,,,,,,
,,,,,,,
,,,,,,,
,,,,,,,
,,,,,,,
,,,,,,,
,,,,,,,
,,,,,,,
,,,,,,,
,,,,,,,
,,,,,,,
,,,,,,,
,,,,,,,
,,,,,,,
,,,,,,,
,,,,,,,
,,,,,,,
,,,,,,,
,,,,,,,
,,,,,,,
,,,,,,,
,,,,,,,
,,,,,,,
,,,,,,,
,,,,,,,
,,,,,,,
,,,,,,,
,,,,,,,
,,,,,,,
,,,,,,,
,,,,,,,
,,,,,,,
,,,,,,,
,,,,,,,
,,,,,,,
,,,,,,,
,,,,,,,
,,,,,,,
,,,,,,,
,,,,,,,
,,,,,,,
,,,,,,,
,,,,,,,
,,,,,,,
,,,,,,,
,,,,,,,
,,,,,,,
,,,,,,,
,,,,,,,
,,,,,,,
,,,,,,,
,,,,,,,
,,,,,,,
,,,,,,,
,,,,,,,
,,,,,,,
,,,,,,,
,,,,,,,
,,,,,,,
,,,,,,,
,,,,,,,
,,,,,,,
,,,,,,,
,,,,,,,
,,,,,,,
,,,,,,,
,,,,,,,
,,,,,,,
,,,,,,,
,,,,,,,
,,,,,,,
,,,,,,,
,,,,,,,
,,,,,,,
,,,,,,,
,,,,,,,
,,,,,,,
,,,,,,,
,,,,,,,
,,,,,,,
,,,,,,,
,,,,,,,
,,,,,,,
,,,,,,,
,,,,,,,
,,,,,,,
,,,,,,,
,,,,,,,
,,,,,,,
,,,,,,,
,,,,,,,
,,,,,,,
,,,,,,,
,,,,,,,
,,,,,,,
,,,,,,,
,,,,,,,
,,,,,,,
,,,,,,,
,,,,,,,
,,,,,,,
,,,,,,,
,,,,,,,
,,,,,,,
,,,,,,,
,,,,,,,
,,,,,,,
,,,,,,,
,,,,,,,
,,,,,,,
,,,,,,,
,,,,,,,
,,,,,,,
,,,,,,,
,,,,,,,
,,,,,,,
,,,,,,,
,,,,,,,
,,,,,,,
,,,,,,,
,,,,,,,
,,,,,,,
,,,,,,,
,,,,,,,
,,,,,,,
,,,,,,,
,,,,,,,
,,,,,,,
,,,,,,,
,,,,,,,
,,,,,,,
,,,,,,,
,,,,,,,
,,,,,,,
,,,,,,,
,,,,,,,
,,,,,,,
,,,,,,,
,,,,,,,
,,,,,,,
,,,,,,,
,,,,,,,
,,,,,,,
,,,,,,,
,,,,,,,
,,,,,,,
,,,,,,,
,,,,,,,
,,,,,,,
,,,,,,,
,,,,,,,
,,,,,,,
,,,,,,,
,,,,,,,
,,,,,,,
,,,,,,,
,,,,,,,
,,,,,,,
,,,,,,,
,,,,,,,
,,,,,,,
,,,,,,,
,,,,,,,
,,,,,,,
,,,,,,,
,,,,,,,
,,,,,,,
,,,,,,,
,,,,,,,
,,,,,,,
,,,,,,,
,,,,,,,
,,,,,,,
,,,,,,,
,,,,,,,
,,,,,,,
,,,,,,,
,,,,,,,
,,,,,,,
,,,,,,,
,,,,,,,
,,,,,,,
,,,,,,,
,,,,,,,
,,,,,,,
,,,,,,,
,,,,,,,
,,,,,,,
,,,,,,,
,,,,,,,
,,,,,,,
,,,,,,,
,,,,,,,
,,,,,,,
,,,,,,,
,,,,,,,
,,,,,,,
,,,,,,,
,,,,,,,
,,,,,,,
,,,,,,,
,,,,,,,
,,,,,,,
,,,,,,,
,,,,,,,
,,,,,,,
,,,,,,,
,,,,,,,
,,,,,,,
,,,,,,,
,,,,,,,
,,,,,,,
,,,,,,,
,,,,,,,
,,,,,,,
,,,,,,,
,,,,,,,
,,,,,,,
,,,,,,,
,,,,,,,
,,,,,,,
,,,,,,,
,,,,,,,
,,,,,,,
,,,,,,,
,,,,,,,
,,,,,,,
,,,,,,,
,,,,,,,
,,,,,,,
,,,,,,,
,,,,,,,
,,,,,,,
,,,,,,,
,,,,,,,
,,,,,,,
,,,,,,,
,,,,,,,
,,,,,,,
,,,,,,,
,,,,,,,
,,,,,,,
,,,,,,,
,,,,,,,
,,,,,,,
,,,,,,,
,,,,,,,
,,,,,,,
,,,,,,,
,,,,,,,
,,,,,,,
,,,,,,,
,,,,,,,
,,,,,,,
,,,,,,,
,,,,,,,
,,,,,,,
,,,,,,,
,,,,,,,
,,,,,,,
,,,,,,,
,,,,,,,
,,,,,,,
,,,,,,,
,,,,,,,
,,,,,,,
,,,,,,,
,,,,,,,
,,,,,,,
,,,,,,,
,,,,,,,
,,,,,,,
,,,,,,,
,,,,,,,
,,,,,,,
,,,,,,,
,,,,,,,
,,,,,,,
,,,,,,,
,,,,,,,
,,,,,,,
,,,,,,,
,,,,,,,
,,,,,,,
,,,,,,,
,,,,,,,
,,,,,,,
,,,,,,,
,,,,,,,
,,,,,,,
,,,,,,,
,,,,,,,
,,,,,,,
,,,,,,,
,,,,,,,
,,,,,,,
,,,,,,,
,,,,,,,
,,,,,,,
,,,,,,,
,,,,,,,
,,,,,,,
,,,,,,,
,,,,,,,
,,,,,,,
,,,,,,,
,,,,,,,
,,,,,,,
,,,,,,,
,,,,,,,
,,,,,,,
,,,,,,,
,,,,,,,
,,,,,,,
,,,,,,,
,,,,,,,
,,,,,,,
,,,,,,,
,,,,,,,
,,,,,,,
,,,,,,,
,,,,,,,
,,,,,,,
,,,,,,,
,,,,,,,
,,,,,,,
,,,,,,,
,,,,,,,
,,,,,,,
,,,,,,,
,,,,,,,
,,,,,,,
,,,,,,,
,,,,,,,
,,,,,,,
,,,,,,,
,,,,,,,
,,,,,,,
,,,,,,,
,,,,,,,
,,,,,,,
,,,,,,,
,,,,,,,
,,,,,,,
,,,,,,,
,,,,,,,
,,,,,,,
,,,,,,,
,,,,,,,
,,,,,,,
,,,,,,,
,,,,,,,
,,,,,,,
,,,,,,,
,,,,,,,
,,,,,,,
,,,,,,,
,,,,,,,
,,,,,,,
,,,,,,,
,,,,,,,
,,,,,,,
,,,,,,,
,,,,,,,
,,,,,,,
,,,,,,,
,,,,,,,
,,,,,,,
,,,,,,,
,,,,,,,
,,,,,,,
,,,,,,,
,,,,,,,
,,,,,,,
,,,,,,,
,,,,,,,
,,,,,,,
,,,,,,,
,,,,,,,
,,,,,,,
,,,,,,,
,,,,,,,
,,,,,,,
,,,,,,,
,,,,,,,
,,,,,,,
,,,,,,,
,,,,,,,
,,,,,,,
,,,,,,,
,,,,,,,
,,,,,,,
,,,,,,,
,,,,,,,
,,,,,,,
,,,,,,,
,,,,,,,
,,,,,,,
,,,,,,,
,,,,,,,
,,,,,,,
,,,,,,,
,,,,,,,
,,,,,,,
,,,,,,,
,,,,,,,
,,,,,,,
,,,,,,,
,,,,,,,
,,,,,,,
,,,,,,,
,,,,,,,
,,,,,,,
,,,,,,,
,,,,,,,
,,,,,,,
,,,,,,,
,,,,,,,
,,,,,,,
,,,,,,,
,,,,,,,
,,,,,,,
,,,,,,,
,,,,,,,
,,,,,,,
,,,,,,,
,,,,,,,
,,,,,,,
,,,,,,,
,,,,,,,
,,,,,,,
,,,,,,,
,,,,,,,
,,,,,,,
,,,,,,,
,,,,,,,
,,,,,,,
,,,,,,,
,,,,,,,
,,,,,,,
,,,,,,,
,,,,,,,
,,,,,,,
,,,,,,,
,,,,,,,
,,,,,,,
,,,,,,,
,,,,,,,
,,,,,,,
,,,,,,,
,,,,,,,
,,,,,,,
,,,,,,,
,,,,,,,
,,,,,,,
,,,,,,,
,,,,,,,
,,,,,,,
,,,,,,,
,,,,,,,
,,,,,,,
,,,,,,,
,,,,,,,
,,,,,,,
,,,,,,,
,,,,,,,
,,,,,,,
,,,,,,,
,,,,,,,
,,,,,,,
,,,,,,,
,,,,,,,
,,,,,,,
,,,,,,,
,,,,,,,
,,,,,,,
,,,,,,,
,,,,,,,
,,,,,,,
,,,,,,,
,,,,,,,
,,,,,,,
,,,,,,,
,,,,,,,
,,,,,,,
,,,,,,,
,,,,,,,
,,,,,,,
,,,,,,,
,,,,,,,
,,,,,,,
,,,,,,,
,,,,,,,
,,,,,,,
,,,,,,,
,,,,,,,
,,,,,,,
,,,,,,,
,,,,,,,
,,,,,,,
,,,,,,,
,,,,,,,
,,,,,,,
,,,,,,,
,,,,,,,
,,,,,,,
,,,,,,,
,,,,,,,
,,,,,,,
,,,,,,,
,,,,,,,
,,,,,,,
,,,,,,,
,,,,,,,
,,,,,,,
,,,,,,,
,,,,,,,
,,,,,,,
,,,,,,,
,,,,,,,
,,,,,,,
,,,,,,,
,,,,,,,
,,,,,,,
,,,,,,,
,,,,,,,
,,,,,,,
,,,,,,,
,,,,,,,
,,,,,,,
,,,,,,,
,,,,,,,
,,,,,,,
,,,,,,,
,,,,,,,
,,,,,,,
,,,,,,,
,,,,,,,
,,,,,,,
,,,,,,,
,,,,,,,
,,,,,,,
,,,,,,,
,,,,,,,
,,,,,,,
,,,,,,,
,,,,,,,
,,,,,,,
,,,,,,,
,,,,,,,
,,,,,,,
,,,,,,,
,,,,,,,
,,,,,,,
,,,,,,,
,,,,,,,
,,,,,,,
,,,,,,,
,,,,,,,
,,,,,,,
,,,,,,,
,,,,,,,
,,,,,,,
,,,,,,,
,,,,,,,
,,,,,,,
,,,,,,,
,,,,,,,
,,,,,,,
,,,,,,,
,,,,,,,
,,,,,,,
,,,,,,,
,,,,,,,
,,,,,,,
,,,,,,,
,,,,,,,
,,,,,,,
,,,,,,,
,,,,,,,
,,,,,,,
,,,,,,,
,,,,,,,
,,,,,,,
,,,,,,,
,,,,,,,
,,,,,,,
,,,,,,,
,,,,,,,
,,,,,,,
,,,,,,,
,,,,,,,
,,,,,,,
,,,,,,,
,,,,,,,
,,,,,,,
,,,,,,,
,,,,,,,
,,,,,,,
,,,,,,,
,,,,,,,
,,,,,,,
,,,,,,,
,,,,,,,
,,,,,,,
,,,,,,,
,,,,,,,
,,,,,,,
,,,,,,,
,,,,,,,
,,,,,,,
,,,,,,,
,,,,,,,
,,,,,,,
,,,,,,,
,,,,,,,
,,,,,,,
,,,,,,,
,,,,,,,
,,,,,,,
,,,,,,,
,,,,,,,
,,,,,,,
,,,,,,,
,,,,,,,
,,,,,,,
,,,,,,,
,,,,,,,
,,,,,,,
,,,,,,,
,,,,,,,
,,,,,,,
,,,,,,,
,,,,,,,
,,,,,,,
,,,,,,,
,,,,,,,
,,,,,,,
,,,,,,,
,,,,,,,
,,,,,,,
,,,,,,,
,,,,,,,
,,,,,,,
,,,,,,,
,,,,,,,
,,,,,,,
,,,,,,,
,,,,,,,
,,,,,,,
,,,,,,,
,,,,,,,
,,,,,,,
,,,,,,,
,,,,,,,
,,,,,,,
,,,,,,,
,,,,,,,
,,,,,,,
,,,,,,,
,,,,,,,
,,,,,,,
,,,,,,,
,,,,,,,
,,,,,,,
,,,,,,,
,,,,,,,
,,,,,,,
,,,,,,,
,,,,,,,
,,,,,,,
,,,,,,,
,,,,,,,
,,,,,,,
,,,,,,,
,,,,,,,
,,,,,,,
,,,,,,,
,,,,,,,
,,,,,,,
,,,,,,,
,,,,,,,
,,,,,,,
,,,,,,,
,,,,,,,
,,,,,,,
,,,,,,,
,,,,,,,
,,,,,,,
,,,,,,,
,,,,,,,
,,,,,,,
,,,,,,,
,,,,,,,
,,,,,,,
,,,,,,,
,,,,,,,
,,,,,,,
,,,,,,,
,,,,,,,
,,,,,,,
,,,,,,,
,,,,,,,
,,,,,,,
,,,,,,,
,,,,,,,
,,,,,,,
,,,,,,,
,,,,,,,
,,,,,,,
,,,,,,,
,,,,,,,
,,,,,,,
,,,,,,,
,,,,,,,
,,,,,,,
,,,,,,,
,,,,,,,
,,,,,,,
,,,,,,,
,,,,,,,
,,,,,,,
,,,,,,,
,,,,,,,
,,,,,,,
,,,,,,,
,,,,,,,
,,,,,,,
,,,,,,,
,,,,,,,
,,,,,,,
,,,,,,,
,,,,,,,
,,,,,,,
,,,,,,,
,,,,,,,
,,,,,,,
,,,,,,,
,,,,,,,
,,,,,,,
,,,,,,,
,,,,,,,
,,,,,,,
,,,,,,,
,,,,,,,
,,,,,,,
,,,,,,,
,,,,,,,
,,,,,,,
,,,,,,,
,,,,,,,
,,,,,,,
,,,,,,,
,,,,,,,
,,,,,,,
,,,,,,,
,,,,,,,
,,,,,,,
,,,,,,,
,,,,,,,
,,,,,,,
,,,,,,,
,,,,,,,
,,,,,,,
,,,,,,,
,,,,,,,
,,,,,,,
,,,,,,,
,,,,,,,
,,,,,,,
,,,,,,,
,,,,,,,
,,,,,,,
,,,,,,,
,,,,,,,
,,,,,,,
,,,,,,,
,,,,,,,
,,,,,,,
,,,,,,,
,,,,,,,
,,,,,,,
,,,,,,,
,,,,,,,
,,,,,,,
,,,,,,,
,,,,,,,
,,,,,,,
,,,,,,,
,,,,,,,
,,,,,,,
,,,,,,,
,,,,,,,
,,,,,,,
,,,,,,,
,,,,,,,
,,,,,,,
,,,,,,,
,,,,,,,
,,,,,,,
,,,,,,,
,,,,,,,
,,,,,,,
,,,,,,,
,,,,,,,
,,,,,,,
,,,,,,,
,,,,,,,
,,,,,,,
,,,,,,,
,,,,,,,
,,,,,,,
,,,,,,,
,,,,,,,
,,,,,,,
,,,,,,,
,,,,,,,
,,,,,,,
,,,,,,,
,,,,,,,
,,,,,,,
,,,,,,,
,,,,,,,
,,,,,,,
,,,,,,,
,,,,,,,
,,,,,,,
,,,,,,,
,,,,,,,
,,,,,,,
,,,,,,,
,,,,,,,
,,,,,,,
,,,,,,,
,,,,,,,
,,,,,,,
,,,,,,,
,,,,,,,
,,,,,,,
,,,,,,,
,,,,,,,
,,,,,,,
,,,,,,,
,,,,,,,
,,,,,,,
,,,,,,,
,,,,,,,
,,,,,,,
,,,,,,,
,,,,,,,
,,,,,,,
,,,,,,,
,,,,,,,
,,,,,,,
,,,,,,,
,,,,,,,
,,,,,,,
,,,,,,,
,,,,,,,
,,,,,,,
,,,,,,,
,,,,,,,
,,,,,,,
,,,,,,,
,,,,,,,
,,,,,,,
,,,,,,,
,,,,,,,
,,,,,,,
,,,,,,,
,,,,,,,
,,,,,,,
,,,,,,,
,,,,,,,
,,,,,,,
,,,,,,,
,,,,,,,
,,,,,,,
,,,,,,,
,,,,,,,
,,,,,,,
,,,,,,,
,,,,,,,
,,,,,,,
,,,,,,,
,,,,,,,
,,,,,,,
,,,,,,,
,,,,,,,
,,,,,,,
,,,,,,,
,,,,,,,
,,,,,,,
,,,,,,,
,,,,,,,
,,,,,,,
,,,,,,,
,,,,,,,
,,,,,,,
,,,,,,,
,,,,,,,
,,,,,,,
,,,,,,,
,,,,,,,
,,,,,,,
,,,,,,,
,,,,,,,
,,,,,,,
,,,,,,,
,,,,,,,
,,,,,,,
,,,,,,,
,,,,,,,
,,,,,,,
,,,,,,,
,,,,,,,
,,,,,,,
,,,,,,,
,,,,,,,
,,,,,,,
,,,,,,,
,,,,,,,
,,,,,,,
,,,,,,,
,,,,,,,
,,,,,,,
,,,,,,,
,,,,,,,
,,,,,,,
,,,,,,,
,,,,,,,
,,,,,,,
,,,,,,,
,,,,,,,
,,,,,,,
,,,,,,,
,,,,,,,
,,,,,,,
,,,,,,,
,,,,,,,
,,,,,,,
,,,,,,,
,,,,,,,
,,,,,,,
,,,,,,,
,,,,,,,
,,,,,,,
,,,,,,,
,,,,,,,
,,,,,,,
,,,,,,,
,,,,,,,
,,,,,,,
,,,,,,,
,,,,,,,
,,,,,,,
,,,,,,,
,,,,,,,
,,,,,,,
,,,,,,,
,,,,,,,
,,,,,,,
,,,,,,,
,,,,,,,
,,,,,,,
,,,,,,,
,,,,,,,
,,,,,,,
,,,,,,,
,,,,,,,
,,,,,,,
,,,,,,,
,,,,,,,
,,,,,,,
,,,,,,,
,,,,,,,
,,,,,,,
,,,,,,,
,,,,,,,
,,,,,,,
,,,,,,,
,,,,,,,
,,,,,,,
,,,,,,,
,,,,,,,
,,,,,,,
,,,,,,,
,,,,,,,
,,,,,,,
,,,,,,,
,,,,,,,
,,,,,,,
,,,,,,,
,,,,,,,
,,,,,,,
,,,,,,,
,,,,,,,
,,,,,,,
,,,,,,,
,,,,,,,
,,,,,,,
,,,,,,,
,,,,,,,
,,,,,,,
,,,,,,,
,,,,,,,
,,,,,,,
,,,,,,,
,,,,,,,
,,,,,,,
,,,,,,,
,,,,,,,
,,,,,,,
,,,,,,,
,,,,,,,
,,,,,,,
,,,,,,,
,,,,,,,
,,,,,,,
,,,,,,,
,,,,,,,
,,,,,,,
,,,,,,,
,,,,,,,
,,,,,,,
,,,,,,,
,,,,,,,
,,,,,,,
,,,,,,,
,,,,,,,
,,,,,,,
,,,,,,,
,,,,,,,
,,,,,,,
,,,,,,,
,,,,,,,
,,,,,,,
,,,,,,,
,,,,,,,
,,,,,,,
,,,,,,,
,,,,,,,
,,,,,,,
,,,,,,,
,,,,,,,
,,,,,,,
,,,,,,,
,,,,,,,
,,,,,,,
,,,,,,,
,,,,,,,
,,,,,,,
,,,,,,,
,,,,,,,
,,,,,,,
,,,,,,,
,,,,,,,
,,,,,,,
,,,,,,,
,,,,,,,
,,,,,,,
,,,,,,,
,,,,,,,
,,,,,,,
,,,,,,,
,,,,,,,
,,,,,,,
,,,,,,,
,,,,,,,
,,,,,,,
,,,,,,,
,,,,,,,
,,,,,,,
,,,,,,,
,,,,,,,
,,,,,,,
,,,,,,,
,,,,,,,
,,,,,,,
,,,,,,,
,,,,,,,
,,,,,,,
,,,,,,,
,,,,,,,
,,,,,,,
,,,,,,,
,,,,,,,
,,,,,,,
,,,,,,,
,,,,,,,
,,,,,,,
,,,,,,,
,,,,,,,
,,,,,,,
,,,,,,,
,,,,,,,
,,,,,,,
,,,,,,,
,,,,,,,
,,,,,,,
,,,,,,,
,,,,,,,
,,,,,,,
,,,,,,,
,,,,,,,
,,,,,,,
,,,,,,,
,,,,,,,
,,,,,,,
,,,,,,,
,,,,,,,
,,,,,,,
,,,,,,,
,,,,,,,
,,,,,,,
,,,,,,,
,,,,,,,
,,,,,,,
,,,,,,,
,,,,,,,
,,,,,,,
,,,,,,,
,,,,,,,
,,,,,,,
,,,,,,,
,,,,,,,
,,,,,,,
,,,,,,,
,,,,,,,
,,,,,,,
,,,,,,,
,,,,,,,
,,,,,,,
,,,,,,,
,,,,,,,
,,,,,,,
,,,,,,,
,,,,,,,
,,,,,,,
,,,,,,,
,,,,,,,
,,,,,,,
,,,,,,,
,,,,,,,
,,,,,,,
,,,,,,,
,,,,,,,
,,,,,,,
,,,,,,,
,,,,,,,
,,,,,,,
,,,,,,,
,,,,,,,
,,,,,,,
,,,,,,,
,,,,,,,
,,,,,,,
,,,,,,,
,,,,,,,
,,,,,,,
,,,,,,,
,,,,,,,
,,,,,,,
,,,,,,,
,,,,,,,
,,,,,,,
,,,,,,,
,,,,,,,
,,,,,,,
,,,,,,,
,,,,,,,
,,,,,,,
,,,,,,,
,,,,,,,
,,,,,,,
,,,,,,,
,,,,,,,
,,,,,,,
,,,,,,,
,,,,,,,
,,,,,,,
,,,,,,,
,,,,,,,
,,,,,,,
,,,,,,,
,,,,,,,
,,,,,,,
,,,,,,,
,,,,,,,
,,,,,,,
,,,,,,,
,,,,,,,
,,,,,,,
,,,,,,,
,,,,,,,
,,,,,,,
,,,,,,,
,,,,,,,
,,,,,,,
,,,,,,,
,,,,,,,
,,,,,,,
,,,,,,,
,,,,,,,
,,,,,,,
,,,,,,,
,,,,,,,
,,,,,,,
,,,,,,,
,,,,,,,
,,,,,,,
,,,,,,,
,,,,,,,
,,,,,,,
,,,,,,,
,,,,,,,
,,,,,,,
,,,,,,,
,,,,,,,
,,,,,,,
,,,,,,,
,,,,,,,
,,,,,,,
,,,,,,,
,,,,,,,
,,,,,,,
,,,,,,,
,,,,,,,
,,,,,,,
,,,,,,,
,,,,,,,
,,,,,,,
,,,,,,,
,,,,,,,
,,,,,,,
,,,,,,,
,,,,,,,
,,,,,,,
,,,,,,,
,,,,,,,
,,,,,,,
,,,,,,,
,,,,,,,
,,,,,,,
,,,,,,,
,,,,,,,
,,,,,,,
,,,,,,,
,,,,,,,
,,,,,,,
,,,,,,,
,,,,,,,
,,,,,,,
,,,,,,,
,,,,,,,
,,,,,,,
,,,,,,,
,,,,,,,
,,,,,,,
,,,,,,,
,,,,,,,
,,,,,,,
,,,,,,,
,,,,,,,
,,,,,,,
,,,,,,,
,,,,,,,
,,,,,,,
,,,,,,,
,,,,,,,
,,,,,,,
,,,,,,,
,,,,,,,
,,,,,,,
,,,,,,,
,,,,,,,
,,,,,,,
,,,,,,,
,,,,,,,
,,,,,,,
,,,,,,,
,,,,,,,
,,,,,,,
,,,,,,,
,,,,,,,
,,,,,,,
,,,,,,,
,,,,,,,
,,,,,,,
,,,,,,,
,,,,,,,
,,,,,,,
,,,,,,,
,,,,,,,
,,,,,,,
,,,,,,,
,,,,,,,
,,,,,,,
,,,,,,,
,,,,,,,
,,,,,,,
,,,,,,,
,,,,,,,
,,,,,,,
,,,,,,,
,,,,,,,
,,,,,,,
,,,,,,,
,,,,,,,
,,,,,,,
,,,,,,,
,,,,,,,
,,,,,,,
,,,,,,,
,,,,,,,
,,,,,,,
,,,,,,,
,,,,,,,
,,,,,,,
,,,,,,,
,,,,,,,
,,,,,,,
,,,,,,,
,,,,,,,
,,,,,,,
,,,,,,,
,,,,,,,
,,,,,,,
,,,,,,,
,,,,,,,
,,,,,,,
,,,,,,,
,,,,,,,
,,,,,,,
,,,,,,,
,,,,,,,
,,,,,,,
,,,,,,,
,,,,,,,
,,,,,,,
,,,,,,,
,,,,,,,
,,,,,,,
,,,,,,,
,,,,,,,
,,,,,,,
,,,,,,,
,,,,,,,
,,,,,,,
,,,,,,,
,,,,,,,
,,,,,,,
,,,,,,,
,,,,,,,
,,,,,,,
,,,,,,,
,,,,,,,
,,,,,,,
,,,,,,,
,,,,,,,
,,,,,,,
,,,,,,,
,,,,,,,
,,,,,,,
,,,,,,,
,,,,,,,
,,,,,,,
,,,,,,,
,,,,,,,
,,,,,,,
,,,,,,,
,,,,,,,
,,,,,,,
,,,,,,,
,,,,,,,
,,,,,,,
,,,,,,,
,,,,,,,
,,,,,,,
,,,,,,,
,,,,,,,
,,,,,,,
,,,,,,,
,,,,,,,
,,,,,,,
,,,,,,,
,,,,,,,
,,,,,,,
,,,,,,,
,,,,,,,
,,,,,,,
,,,,,,,
,,,,,,,
,,,,,,,
,,,,,,,
,,,,,,,
,,,,,,,
,,,,,,,
,,,,,,,
,,,,,,,
,,,,,,,
,,,,,,,
,,,,,,,
,,,,,,,
,,,,,,,
,,,,,,,
,,,,,,,
,,,,,,,
,,,,,,,
,,,,,,,
,,,,,,,
,,,,,,,
,,,,,,,
,,,,,,,
,,,,,,,
,,,,,,,
,,,,,,,
,,,,,,,
,,,,,,,
,,,,,,,
,,,,,,,
,,,,,,,
,,,,,,,
,,,,,,,
,,,,,,,
,,,,,,,
,,,,,,,
,,,,,,,
,,,,,,,
,,,,,,,
,,,,,,,
,,,,,,,
,,,,,,,
,,,,,,,
,,,,,,,
,,,,,,,
,,,,,,,
,,,,,,,
,,,,,,,
,,,,,,,
,,,,,,,
,,,,,,,
,,,,,,,
,,,,,,,
,,,,,,,
,,,,,,,
,,,,,,,
,,,,,,,
,,,,,,,
,,,,,,,
,,,,,,,
,,,,,,,
,,,,,,,
,,,,,,,
,,,,,,,
,,,,,,,
,,,,,,,
,,,,,,,
,,,,,,,
,,,,,,,
,,,,,,,
,,,,,,,
,,,,,,,
,,,,,,,
,,,,,,,
,,,,,,,
,,,,,,,
,,,,,,,
,,,,,,,
,,,,,,,
,,,,,,,
,,,,,,,
,,,,,,,
,,,,,,,
,,,,,,,
,,,,,,,
,,,,,,,
,,,,,,,
,,,,,,,
,,,,,,,
,,,,,,,
,,,,,,,
,,,,,,,
,,,,,,,
,,,,,,,
,,,,,,,
,,,,,,,
,,,,,,,
,,,,,,,
,,,,,,,
,,,,,,,
,,,,,,,
,,,,,,,
,,,,,,,
,,,,,,,
,,,,,,,
,,,,,,,
,,,,,,,
,,,,,,,
,,,,,,,
,,,,,,,
,,,,,,,
,,,,,,,
,,,,,,,
,,,,,,,
,,,,,,,
,,,,,,,
,,,,,,,
,,,,,,,
,,,,,,,
,,,,,,,
,,,,,,,
,,,,,,,
,,,,,,,
,,,,,,,
,,,,,,,
,,,,,,,
,,,,,,,
,,,,,,,
,,,,,,,
,,,,,,,
,,,,,,,
,,,,,,,
,,,,,,,
,,,,,,,
,,,,,,,
,,,,,,,
,,,,,,,
,,,,,,,
,,,,,,,
,,,,,,,
,,,,,,,
,,,,,,,
,,,,,,,
,,,,,,,
,,,,,,,
,,,,,,,
,,,,,,,
,,,,,,,
,,,,,,,
,,,,,,,
,,,,,,,
,,,,,,,
,,,,,,,
,,,,,,,
,,,,,,,
,,,,,,,
,,,,,,,
,,,,,,,
,,,,,,,
,,,,,,,
,,,,,,,
,,,,,,,
,,,,,,,
,,,,,,,
,,,,,,,
,,,,,,,
,,,,,,,
,,,,,,,
,,,,,,,
,,,,,,,
,,,,,,,
,,,,,,,
,,,,,,,
,,,,,,,
,,,,,,,
,,,,,,,
,,,,,,,
,,,,,,,
,,,,,,,
,,,,,,,
,,,,,,,
,,,,,,,
,,,,,,,
,,,,,,,
,,,,,,,
,,,,,,,
,,,,,,,
,,,,,,,
,,,,,,,
,,,,,,,
,,,,,,,
,,,,,,,
,,,,,,,
,,,,,,,
,,,,,,,
,,,,,,,
,,,,,,,
,,,,,,,
,,,,,,,
,,,,,,,
,,,,,,,
,,,,,,,
,,,,,,,
,,,,,,,
,,,,,,,
,,,,,,,
,,,,,,,
,,,,,,,
,,,,,,,
,,,,,,,
,,,,,,,
,,,,,,,
,,,,,,,
,,,,,,,
,,,,,,,
,,,,,,,
,,,,,,,
,,,,,,,
,,,,,,,
,,,,,,,
,,,,,,,
,,,,,,,
,,,,,,,
,,,,,,,
,,,,,,,
,,,,,,,
,,,,,,,
,,,,,,,
,,,,,,,
,,,,,,,
,,,,,,,
,,,,,,,
,,,,,,,
,,,,,,,
,,,,,,,
,,,,,,,
,,,,,,,
,,,,,,,
,,,,,,,
,,,,,,,
,,,,,,,
,,,,,,,
,,,,,,,
,,,,,,,
,,,,,,,
,,,,,,,
,,,,,,,
,,,,,,,
,,,,,,,
,,,,,,,
,,,,,,,
,,,,,,,
,,,,,,,
,,,,,,,
,,,,,,,
,,,,,,,
,,,,,,,
,,,,,,,
,,,,,,,
,,,,,,,
,,,,,,,
,,,,,,,
,,,,,,,
,,,,,,,
,,,,,,,
,,,,,,,
,,,,,,,
,,,,,,,
,,,,,,,
,,,,,,,
,,,,,,,
,,,,,,,
,,,,,,,
,,,,,,,
,,,,,,,
,,,,,,,
,,,,,,,
,,,,,,,
,,,,,,,
,,,,,,,
,,,,,,,
,,,,,,,
,,,,,,,
,,,,,,,
,,,,,,,
,,,,,,,
,,,,,,,
,,,,,,,
,,,,,,,
,,,,,,,
,,,,,,,
,,,,,,,
,,,,,,,
,,,,,,,
,,,,,,,
,,,,,,,
,,,,,,,
,,,,,,,
,,,,,,,
,,,,,,,
,,,,,,,
,,,,,,,
,,,,,,,
,,,,,,,
,,,,,,,
,,,,,,,
,,,,,,,
,,,,,,,
,,,,,,,
,,,,,,,
,,,,,,,
,,,,,,,
,,,,,,,
,,,,,,,
,,,,,,,
,,,,,,,
,,,,,,,
,,,,,,,
,,,,,,,
,,,,,,,
,,,,,,,
,,,,,,,
,,,,,,,
,,,,,,,
,,,,,,,
,,,,,,,
,,,,,,,
,,,,,,,
,,,,,,,
,,,,,,,
,,,,,,,
,,,,,,,
,,,,,,,
,,,,,,,
,,,,,,,
,,,,,,,
,,,,,,,
,,,,,,,
,,,,,,,
,,,,,,,
,,,,,,,
,,,,,,,
,,,,,,,
,,,,,,,
,,,,,,,
,,,,,,,
,,,,,,,
,,,,,,,
,,,,,,,
,,,,,,,
,,,,,,,
,,,,,,,
,,,,,,,
,,,,,,,
,,,,,,,
,,,,,,,
,,,,,,,
,,,,,,,
,,,,,,,
,,,,,,,
,,,,,,,
,,,,,,,
,,,,,,,
,,,,,,,
,,,,,,,
,,,,,,,
,,,,,,,
,,,,,,,
,,,,,,,
,,,,,,,
,,,,,,,
,,,,,,,
,,,,,,,
,,,,,,,
,,,,,,,
,,,,,,,
,,,,,,,New Zealand
,,,,,,,India
,,,,,,,India
,,,,,,,New Zealand
,,,,,,,Sri Lanka
,,,,,,,Australia
,,,,,,,Sri Lanka
,,,,,,,India
,,,,,,,Sri Lanka
,,,,,,,England
,,,,,,,England
,,,,,,,Sri Lanka
,,,,,,,England
,,,,,,,Australia
,,,,,,,West Indies
,,,,,,,Sri Lanka
,,,,,,,Zimbabwe
,,,,,,,Canada
,,,,,,,Australia
,,,,,,,India
,,,,,,,Kenya
,,,,,,,New Zealand
,,,,,,,Canada
,,,,,,,India
,,,,,,,South Africa
,,,,,,,Pakistan
,,,,,,,Netherlands
,,,,,,,West Indies
,,,,,,,England
,,,,,,,Canada
,,,,,,,India
,,,,,,,England
,,,,,,,Bangladesh
,,,,,,,India
,,,,,,,Canada
,,,,,,,Zimbabwe
,,,,,,,Kenya
,,,,,,,Pakistan
,,,,,,,India
,,,,,,,Bangladesh
,,,,,,,South Africa
,,,,,,,Australia
,,,,,,,Sri Lanka
,,,,,,,Zimbabwe
,,,,,,,Pakistan
,,,,,,,Kenya
,,,,,,,England
,,,,,,,Sri Lanka
,,,,,,,Netherlands
,,,,,,,Canada
,,,,,,,Pakistan
,,,,,,,Kenya
,,,,,,,Australia
,,,,,,,Zimbabwe
,,,,,,,India
,,,,,,,Australia
,,,,,,,Zimbabwe
,,,,,,,New Zealand
,,,,,,,Kenya
,,,,,,,Sri Lanka
,,,,,,,Australia
,,,,,,,India
,,,,,,,Australia
,,,,,,,Pakistan
,,,,,,,Sri Lanka
,,,,,,,Kenya
,,,,,,,Sri Lanka
,,,,,,,Sri Lanka
,,,,,,,Pakistan
,,,,,,,Zimbabwe
,,,,,,,India
,,,,,,,Pakistan
,,,,,,,Pakistan
,,,,,,,Australia
,,,,,,,New Zealand
,,,,,,,Pakistan
,,,,,,,Australia
,,,,,,,Australia
,,,,,,,Sri Lanka
,,,,,,,Sri Lanka
,,,,,,,England
,,,,,,,Pakistan
,,,,,,,Pakistan
,,,,,,,England
,,,,,,,South Africa
,,,,,,,South Africa
,,,,,,,England
,,,,,,,England
,,,,,,,Zimbabwe
,,,,,,,Zimbabwe
,,,,,,,South Africa
,,,,,,,Bangladesh
,,,,,,,Bangladesh
,,,,,,,Australia
,,,,,,,Pakistan
,,,,,,,Bangladesh
,,,,,,,Pakistan
,,,,,,,Pakistan
,,,,,,,Pakistan
,,,,,,,Pakistan
,,,,,,,Pakistan
,,,,,,,Pakistan
,,,,,,,India
,,,,,,,India
,,,,,,,New Zealand
,,,,,,,Australia
,,,,,,,New Zealand
,,,,,,,India
,,,,,,,Bangladesh
,,,,,,,Bangladesh
,,,,,,,Bangladesh
,,,,,,,India
,,,,,,,England
,,,,,,,West Indies
,,,,,,,Zimbabwe
,,,,,,,West Indies
,,,,,,,New Zealand
,,,,,,,Zimbabwe
,,,,,,,Pakistan
,,,,,,,New Zealand
,,,,,,,Pakistan
,,,,,,,Australia
,,,,,,,Australia
,,,,,,,Zimbabwe
,,,,,,,Australia
,,,,,,,India
,,,,,,,India
,,,,,,,India
,,,,,,,South Africa
,,,,,,,Australia
,,,,,,,West Indies
,,,,,,,India
,,,,,,,South Africa
,,,,,,,India
,,,,,,,Australia
,,,,,,,Australia
,,,,,,,Sri Lanka
,,,,,,,South Africa
,,,,,,,Australia
,,,,,,,Bangladesh
,,,,,,,Pakistan
,,,,,,,India
,,,,,,,Pakistan
,,,,,,,India
,,,,,,,Zimbabwe
,,,,,,,West Indies
,,,,,,,Sri Lanka
,,,,,,,England
,,,,,,,Bangladesh
,,,,,,,West Indies
,,,,,,,Bangladesh
,,,,,,,Zimbabwe
,,,,,,,Australia
,,,,,,,Zimbabwe
,,,,,,,England
,,,,,,,England
,,,,,,,West Indies
,,,,,,,England
,,,,,,,New Zealand
,,,,,,,Pakistan
,,,,,,,Pakistan
,,,,,,,Bangladesh
,,,,,,,India
,,,,,,,Sri Lanka
,,,,,,,Pakistan
,,,,,,,Australia
,,,,,,,South Africa
,,,,,,,Sri Lanka
,,,,,,,India
,,,,,,,England
,,,,,,,Australia
,,,,,,,India
,,,,,,,New Zealand
,,,,,,,England
,,,,,,,India
,,,,,,,United States of America
,,,,,,,Kenya
,,,,,,,Zimbabwe
,,,,,,,West Indies
,,,,,,,New Zealand
,,,,,,,England
,,,,,,,South Africa
,,,,,,,India
,,,,,,,Australia
,,,,,,,Pakistan
,,,,,,,England
,,,,,,,Pakistan
,,,,,,,Zimbabwe
,,,,,,,Sri Lanka
,,,,,,,Zimbabwe
,,,,,,,Sri Lanka
,,,,,,,New Zealand
,,,,,,,Zimbabwe
,,,,,,,England
,,,,,,,Australia
,,,,,,,England
,,,,,,,Australia
,,,,,,,India
,,,,,,,India
,,,,,,,West Indies
,,,,,,,West Indies
,,,,,,,Pakistan
,,,,,,,Zimbabwe
,,,,,,,Australia
,,,,,,,Australia
,,,,,,,South Africa
,,,,,,,Zimbabwe
,,,,,,,Pakistan
,,,,,,,England
,,,,,,,Australia
,,,,,,,England
,,,,,,,South Africa
,,,,,,,South Africa
,,,,,,,South Africa
,,,,,,,England
,,,,,,,South Africa
,,,,,,,Australia
,,,,,,,South Africa
,,,,,,,New Zealand
,,,,,,,Zimbabwe
,,,,,,,India
,,,,,,,India
,,,,,,,India
,,,,,,,Pakistan
,,,,,,,West Indies
,,,,,,,West Indies
,,,,,,,Pakistan
,,,,,,,Pakistan
,,,,,,,Bangladesh
,,,,,,,Australia
,,,,,,,Australia
,,,,,,,Bangladesh
,,,,,,,Bangladesh
,,,,,,,Australia
,,,,,,,Bangladesh
,,,,,,,Australia
,,,,,,,England
,,,,,,,West Indies
,,,,,,,Sri Lanka
,,,,,,,West Indies
,,,,,,,Africa XI
,,,,,,,Africa XI
,,,,,,,India
,,,,,,,New Zealand
,,,,,,,Sri Lanka
,,,,,,,Zimbabwe
,,,,,,,India
,,,,,,,Australia
,,,,,,,Australia
,,,,,,,India
,,,,,,,South Africa
,,,,,,,Sri Lanka
,,,,,,,New Zealand
,,,,,,,Sri Lanka
,,,,,,,South Africa
,,,,,,,India
,,,,,,,New Zealand
,,,,,,,Sri Lanka
,,,,,,,Sri Lanka
,,,,,,,India
,,,,,,,South Africa
,,,,,,,Australia
,,,,,,,England
,,,,,,,Pakistan
,,,,,,,England
,,,,,,,Sri Lanka
,,,,,,,New Zealand
,,,,,,,New Zealand
,,,,,,,Australia
,,,,,,,South Africa
,,,,,,,Australia
,,,,,,,Australia
,,,,,,,South Africa
,,,,,,,Australia
,,,,,,,Australia
,,,,,,,South Africa
,,,,,,,Australia
,,,,,,,Australia
,,,,,,,Pakistan
,,,,,,,South Africa
,,,,,,,Australia
,,,,,,,Pakistan
,,,,,,,Australia
,,,,,,,Pakistan
,,,,,,,Australia
,,,,,,,Pakistan
,,,,,,,New Zealand
,,,,,,,Pakistan
,,,,,,,Bangladesh
,,,,,,,New Zealand
,,,,,,,Bangladesh
,,,,,,,New Zealand
,,,,,,,Bangladesh
,,,,,,,South Africa
,,,,,,,New Zealand
,,,,,,,South Africa
,,,,,,,New Zealand
,,,,,,,South Africa
,,,,,,,South Africa
,,,,,,,South Africa
,,,,,,,Sri Lanka
,,,,,,,Sri Lanka
,,,,,,,Sri Lanka
,,,,,,,India
,,,,,,,India
,,,,,,,India
,,,,,,,India
,,,,,,,India
,,,,,,,India
,,,,,,,India
,,,,,,,Bangladesh
,,,,,,,Bangladesh
,,,,,,,Bangladesh
,,,,,,,West Indies
,,,,,,,West Indies
,,,,,,,West Indies
,,,,,,,West Indies
,,,,,,,West Indies
,,,,,,,West Indies
,,,,,,,West Indies
,,,,,,,West Indies
,,,,,,,West Indies
,,,,,,,Ireland
,,,,,,,England
,,,,,,,England
,,,,,,,England
,,,,,,,England
,,,,,,,England
,,,,,,,Zimbabwe
,,,,,,,Kenya
,,,,,,,Kenya
,,,,,,,Kenya
,,,,,,,Sri Lanka
,,,,,,,England
,,,,,,,England
,,,,,,,England
,,,,,,,England
,,,,,,,England
,,,,,,,India
,,,,,,,South Africa
,,,,,,,Australia
,,,,,,,South Africa
,,,,,,,Australia
,,,,,,,South Africa
,,,,,,,India
,,,,,,,Australia
,,,,,,,Australia
,,,,,,,Bangladesh
,,,,,,,West Indies
,,,,,,,Sri Lanka
,,,,,,,Bangladesh
,,,,,,,Bangladesh
,,,,,,,Sri Lanka
,,,,,,,India
,,,,,,,New Zealand
,,,,,,,Pakistan
,,,,,,,Australia
,,,,,,,New Zealand
,,,,,,,Australia
,,,,,,,South Africa
,,,,,,,New Zealand
,,,,,,,India
,,,,,,,Pakistan
,,,,,,,England
,,,,,,,India
,,,,,,,Australia
,,,,,,,South Africa
,,,,,,,Australia
,,,,,,,South Africa
,,,,,,,South Africa
,,,,,,,Bermuda
,,,,,,,South Africa
,,,,,,,Bermuda
,,,,,,,Canada
,,,,,,,Bermuda
,,,,,,,Bangladesh
,,,,,,,South Africa
,,,,,,,Bangladesh
,,,,,,,Pakistan
,,,,,,,Bangladesh
,,,,,,,Bangladesh
,,,,,,,Pakistan
,,,,,,,Pakistan
,,,,,,,Pakistan
,,,,,,,New Zealand
,,,,,,,New Zealand
,,,,,,,New Zealand
,,,,,,,Australia
,,,,,,,Australia
,,,,,,,England
,,,,,,,Australia
,,,,,,,Australia
,,,,,,,England
,,,,,,,Australia
,,,,,,,India
,,,,,,,Australia
,,,,,,,England
,,,,,,,India
,,,,,,,Bermuda
,,,,,,,Australia
,,,,,,,Kenya
,,,,,,,Bermuda
,,,,,,,South Africa
,,,,,,,Australia
,,,,,,,Kenya
,,,,,,,England
,,,,,,,South Africa
,,,,,,,India
,,,,,,,South Africa
,,,,,,,Australia
,,,,,,,India
,,,,,,,South Africa
,,,,,,,Australia
,,,,,,,India
,,,,,,,South Africa
,,,,,,,New Zealand
,,,,,,,India
,,,,,,,New Zealand
,,,,,,,New Zealand
,,,,,,,West Indies
,,,,,,,Australia
,,,,,,,Ireland
,,,,,,,Bermuda
,,,,,,,England
,,,,,,,Netherlands
,,,,,,,Ireland
,,,,,,,Bangladesh
,,,,,,,Canada
,,,,,,,Australia
,,,,,,,West Indies
,,,,,,,Bermuda
,,,,,,,Kenya
,,,,,,,Scotland
,,,,,,,Pakistan
,,,,,,,Bangladesh
,,,,,,,Canada
,,,,,,,Netherlands
,,,,,,,West Indies
,,,,,,,India
,,,,,,,England
,,,,,,,Australia
,,,,,,,Bangladesh
,,,,,,,West Indies
,,,,,,,South Africa
,,,,,,,West Indies
,,,,,,,England
,,,,,,,Australia
,,,,,,,West Indies
,,,,,,,Bangladesh
,,,,,,,Ireland
,,,,,,,England
,,,,,,,Bangladesh
,,,,,,,Australia
,,,,,,,Ireland
,,,,,,,West Indies
,,,,,,,Bangladesh
,,,,,,,New Zealand
,,,,,,,Australia
,,,,,,,New Zealand
,,,,,,,Bangladesh
,,,,,,,Australia
,,,,,,,England
,,,,,,,Ireland
,,,,,,,West Indies
,,,,,,,Australia
,,,,,,,West Indies
,,,,,,,New Zealand
,,,,,,,Australia
,,,,,,,Australia
,,,,,,,Bangladesh
,,,,,,,Bangladesh
,,,,,,,Africa XI
,,,,,,,Africa XI
,,,,,,,Africa XI
,,,,,,,Ireland
,,,,,,,Ireland
,,,,,,,India
,,,,,,,India
,,,,,,,India
,,,,,,,England
,,,,,,,England
,,,,,,,England
,,,,,,,Netherlands
,,,,,,,Ireland
,,,,,,,Sri Lanka
,,,,,,,Sri Lanka
,,,,,,,Sri Lanka
,,,,,,,Scotland
,,,,,,,England
,,,,,,,Zimbabwe
,,,,,,,England
,,,,,,,Zimbabwe
,,,,,,,Zimbabwe
,,,,,,,England
,,,,,,,England
,,,,,,,England
,,,,,,,England
,,,,,,,England
,,,,,,,India
,,,,,,,Sri Lanka
,,,,,,,India
,,,,,,,Sri Lanka
,,,,,,,India
,,,,,,,India
,,,,,,,Sri Lanka
,,,,,,,India
,,,,,,,Sri Lanka
,,,,,,,India
,,,,,,,India
,,,,,,,Pakistan
,,,,,,,Kenya
,,,,,,,Pakistan
,,,,,,,Kenya
,,,,,,,Pakistan
,,,,,,,Kenya
,,,,,,,Pakistan
,,,,,,,Kenya
,,,,,,,Kenya
,,,,,,,Pakistan
,,,,,,,India
,,,,,,,India
,,,,,,,India
,,,,,,,India
,,,,,,,India
,,,,,,,South Africa
,,,,,,,Zimbabwe
,,,,,,,South Africa
,,,,,,,Zimbabwe
,,,,,,,South Africa
,,,,,,,Zimbabwe
,,,,,,,Australia
,,,,,,,Australia
,,,,,,,Australia
,,,,,,,New Zealand
,,,,,,,New Zealand
,,,,,,,New Zealand
,,,,,,,South Africa
,,,,,,,Pakistan
,,,,,,,Pakistan
,,,,,,,South Africa
,,,,,,,Pakistan
,,,,,,,South Africa
,,,,,,,Pakistan
,,,,,,,South Africa
,,,,,,,Pakistan
,,,,,,,South Africa
,,,,,,,Australia
,,,,,,,India
,,,,,,,Australia
,,,,,,,New Zealand
,,,,,,,Australia
,,,,,,,New Zealand
,,,,,,,New Zealand
,,,,,,,Australia
,,,,,,,Australia
,,,,,,,India
,,,,,,,New Zealand
,,,,,,,Australia
,,,,,,,New Zealand
,,,,,,,Australia
,,,,,,,India
,,,,,,,Australia
,,,,,,,Australia
,,,,,,,Australia
,,,,,,,Bangladesh
,,,,,,,Bangladesh
,,,,,,,Bangladesh
,,,,,,,Pakistan
,,,,,,,West Indies
,,,,,,,Pakistan
,,,,,,,West Indies
,,,,,,,Pakistan
,,,,,,,West Indies
,,,,,,,Pakistan
,,,,,,,Pakistan
,,,,,,,Bangladesh
,,,,,,,India
,,,,,,,Bangladesh
,,,,,,,India
,,,,,,,England
,,,,,,,England
,,,,,,,England
,,,,,,,Pakistan
,,,,,,,Bangladesh
,,,,,,,West Indies
,,,,,,,Hong Kong
,,,,,,,Bangladesh
,,,,,,,England
,,,,,,,Pakistan
,,,,,,,Sri Lanka
,,,,,,,West Indies
,,,,,,,Bangladesh
,,,,,,,England
,,,,,,,Pakistan
,,,,,,,Canada
,,,,,,,West Indies
,,,,,,,Bangladesh
,,,,,,,Pakistan
,,,,,,,India
,,,,,,,Pakistan
,,,,,,,West Indies
,,,,,,,India
,,,,,,,West Indies
,,,,,,,Netherlands
,,,,,,,Ireland
,,,,,,,Scotland
,,,,,,,Sri Lanka
,,,,,,,Sri Lanka
,,,,,,,England
,,,,,,,Sri Lanka
,,,,,,,Ireland
,,,,,,,England
,,,,,,,Sri Lanka
,,,,,,,Sri Lanka
,,,,,,,England
,,,,,,,Australia
,,,,,,,England
,,,,,,,Australia
,,,,,,,England
,,,,,,,Australia
,,,,,,,Ireland
,,,,,,,South Africa
,,,,,,,South Africa
,,,,,,,Pakistan
,,,,,,,Pakistan
,,,,,,,India
,,,,,,,India
,,,,,,,Zimbabwe
,,,,,,,India
,,,,,,,Zimbabwe
,,,,,,,India
,,,,,,,Zimbabwe
,,,,,,,India
,,,,,,,Zimbabwe
,,,,,,,New Zealand
,,,,,,,New Zealand
,,,,,,,Bangladesh
,,,,,,,Bangladesh
,,,,,,,Australia
,,,,,,,Australia
,,,,,,,Pakistan
,,,,,,,Pakistan
,,,,,,,Bangladesh
,,,,,,,Australia
,,,,,,,Pakistan
,,,,,,,Australia
,,,,,,,Sri Lanka
,,,,,,,Australia
,,,,,,,Sri Lanka
,,,,,,,Kenya
,,,,,,,Australia
,,,,,,,Sri Lanka
,,,,,,,Sri Lanka
,,,,,,,Australia
,,,,,,,Sri Lanka
,,,,,,,Australia
,,,,,,,Australia
,,,,,,,Australia
,,,,,,,New Zealand
,,,,,,,New Zealand
,,,,,,,New Zealand
,,,,,,,New Zealand
,,,,,,,New Zealand
,,,,,,,West Indies
,,,,,,,West Indies
,,,,,,,West Indies
,,,,,,,West Indies
,,,,,,,Ireland
,,,,,,,West Indies
,,,,,,,South Africa
,,,,,,,South Africa
,,,,,,,Canada
,,,,,,,South Africa
,,,,,,,South Africa
,,,,,,,South Africa
,,,,,,,Australia
,,,,,,,Australia
,,,,,,,Australia
,,,,,,,Australia
,,,,,,,Australia
,,,,,,,England
,,,,,,,England
,,,,,,,West Indies
,,,,,,,West Indies
,,,,,,,West Indies
,,,,,,,West Indies
,,,,,,,West Indies
,,,,,,,West Indies
,,,,,,,Sri Lanka
,,,,,,,West Indies
,,,,,,,Sri Lanka
,,,,,,,Sri Lanka
,,,,,,,Sri Lanka
,,,,,,,Zimbabwe
,,,,,,,Sri Lanka
,,,,,,,Zimbabwe
,,,,,,,Zimbabwe
,,,,,,,Zimbabwe
,,,,,,,Zimbabwe
,,,,,,,Canada
,,,,,,,Ireland
,,,,,,,England
,,,,,,,England
,,,,,,,Sri Lanka
,,,,,,,England
,,,,,,,India
,,,,,,,Sri Lanka
,,,,,,,England
,,,,,,,Sri Lanka
,,,,,,,England
,,,,,,,England
,,,,,,,England
,,,,,,,South Africa
,,,,,,,Pakistan
,,,,,,,South Africa
,,,,,,,England
,,,,,,,India
,,,,,,,Australia
,,,,,,,South Africa
,,,,,,,New Zealand
,,,,,,,Australia
,,,,,,,England
,,,,,,,India
,,,,,,,Australia
,,,,,,,Australia
,,,,,,,New Zealand
,,,,,,,Australia
,,,,,,,India
,,,,,,,Bangladesh
,,,,,,,India
,,,,,,,Bangladesh
,,,,,,,Bangladesh
,,,,,,,India
,,,,,,,India
,,,,,,,New Zealand
,,,,,,,Bangladesh
,,,,,,,Bangladesh
,,,,,,,India
,,,,,,,New Zealand
,,,,,,,South Africa
,,,,,,,India
,,,,,,,New Zealand
,,,,,,,South Africa
,,,,,,,South Africa
,,,,,,,South Africa
,,,,,,,South Africa
,,,,,,,India
,,,,,,,India
,,,,,,,India
,,,,,,,India
,,,,,,,India
,,,,,,,Bangladesh
,,,,,,,India
,,,,,,,Bangladesh
,,,,,,,Bangladesh
,,,,,,,India
,,,,,,,Bangladesh
,,,,,,,India
,,,,,,,Australia
,,,,,,,Australia
,,,,,,,Australia
,,,,,,,Australia
,,,,,,,Australia
,,,,,,,New Zealand
,,,,,,,Australia
,,,,,,,New Zealand
,,,,,,,Australia
,,,,,,,New Zealand
,,,,,,,Australia
,,,,,,,Australia
,,,,,,,Australia
,,,,,,,India
,,,,,,,India
,,,,,,,India
,,,,,,,Bangladesh
,,,,,,,Bangladesh
,,,,,,,New Zealand
,,,,,,,West Indies
,,,,,,,Bangladesh
,,,,,,,West Indies
,,,,,,,New Zealand
,,,,,,,New Zealand
,,,,,,,West Indies
,,,,,,,New Zealand
,,,,,,,West Indies
,,,,,,,New Zealand
,,,,,,,West Indies
,,,,,,,West Indies
,,,,,,,West Indies
,,,,,,,Zimbabwe
,,,,,,,West Indies
,,,,,,,India
,,,,,,,West Indies
,,,,,,,Zimbabwe
,,,,,,,Zimbabwe
,,,,,,,West Indies
,,,,,,,India
,,,,,,,Zimbabwe
,,,,,,,Zimbabwe
,,,,,,,Sri Lanka
,,,,,,,Bangladesh
,,,,,,,Ireland
,,,,,,,Sri Lanka
,,,,,,,India
,,,,,,,Bangladesh
,,,,,,,Sri Lanka
,,,,,,,England
,,,,,,,Sri Lanka
,,,,,,,England
,,,,,,,England
,,,,,,,England
,,,,,,,England
,,,,,,,Canada
,,,,,,,England
,,,,,,,England
,,,,,,,England
,,,,,,,Ireland
,,,,,,,India
,,,,,,,Sri Lanka
,,,,,,,Sri Lanka
,,,,,,,Ireland
,,,,,,,Sri Lanka
,,,,,,,Sri Lanka
,,,,,,,India
,,,,,,,Sri Lanka
,,,,,,,Canada
,,,,,,,England
,,,,,,,England
,,,,,,,England
,,,,,,,England
,,,,,,,England
,,,,,,,Bangladesh
,,,,,,,Bangladesh
,,,,,,,Bangladesh
,,,,,,,South Africa
,,,,,,,Bangladesh
,,,,,,,South Africa
,,,,,,,India
,,,,,,,South Africa
,,,,,,,Pakistan
,,,,,,,Pakistan
,,,,,,,Pakistan
,,,,,,,Australia
,,,,,,,Pakistan
,,,,,,,Australia
,,,,,,,Australia
,,,,,,,Pakistan
,,,,,,,India
,,,,,,,Bangladesh
,,,,,,,India
,,,,,,,Bangladesh
,,,,,,,India
,,,,,,,Bangladesh
,,,,,,,India
,,,,,,,India
,,,,,,,Bangladesh
,,,,,,,South Africa
,,,,,,,South Africa
,,,,,,,Australia
,,,,,,,South Africa
,,,,,,,South Africa
,,,,,,,Australia
,,,,,,,New Zealand
,,,,,,,South Africa
,,,,,,,Australia
,,,,,,,New Zealand
,,,,,,,Australia
,,,,,,,New Zealand
,,,,,,,Australia
,,,,,,,Sri Lanka
,,,,,,,New Zealand
,,,,,,,Australia
,,,,,,,New Zealand
,,,,,,,Sri Lanka
,,,,,,,New Zealand
,,,,,,,Sri Lanka
,,,,,,,Australia
,,,,,,,Bangladesh
,,,,,,,Sri Lanka
,,,,,,,Kenya
,,,,,,,Australia
,,,,,,,England
,,,,,,,Kenya
,,,,,,,South Africa
,,,,,,,Bangladesh
,,,,,,,Australia
,,,,,,,Sri Lanka
,,,,,,,India
,,,,,,,Canada
,,,,,,,Netherlands
,,,,,,,Sri Lanka
,,,,,,,England
,,,,,,,Canada
,,,,,,,Netherlands
,,,,,,,Bangladesh
,,,,,,,New Zealand
,,,,,,,Sri Lanka
,,,,,,,England
,,,,,,,India
,,,,,,,Canada
,,,,,,,New Zealand
,,,,,,,India
,,,,,,,Sri Lanka
,,,,,,,Bangladesh
,,,,,,,Ireland
,,,,,,,India
,,,,,,,Australia
,,,,,,,Canada
,,,,,,,Bangladesh
,,,,,,,Pakistan
,,,,,,,Ireland
,,,,,,,Australia
,,,,,,,England
,,,,,,,Ireland
,,,,,,,New Zealand
,,,,,,,Bangladesh
,,,,,,,Australia
,,,,,,,India
,,,,,,,Kenya
,,,,,,,Pakistan
,,,,,,,India
,,,,,,,New Zealand
,,,,,,,Sri Lanka
,,,,,,,Sri Lanka
,,,,,,,India
,,,,,,,India
,,,,,,,Bangladesh
,,,,,,,Bangladesh
,,,,,,,Bangladesh
,,,,,,,West Indies
,,,,,,,West Indies
,,,,,,,West Indies
,,,,,,,West Indies
,,,,,,,West Indies
,,,,,,,West Indies
,,,,,,,West Indies
,,,,,,,West Indies
,,,,,,,West Indies
,,,,,,,West Indies
,,,,,,,England
,,,,,,,Scotland
,,,,,,,England
,,,,,,,England
,,,,,,,England
,,,,,,,England
,,,,,,,Sri Lanka
,,,,,,,Zimbabwe
,,,,,,,Zimbabwe
,,,,,,,Sri Lanka
,,,,,,,Zimbabwe
,,,,,,,Sri Lanka
,,,,,,,Zimbabwe
,,,,,,,Sri Lanka
,,,,,,,Zimbabwe
,,,,,,,Sri Lanka
,,,,,,,Ireland
,,,,,,,England
,,,,,,,England
,,,,,,,Zimbabwe
,,,,,,,England
,,,,,,,Zimbabwe
,,,,,,,England
,,,,,,,Zimbabwe
,,,,,,,England
,,,,,,,Ireland
,,,,,,,Ireland
,,,,,,,Bangladesh
,,,,,,,India
,,,,,,,Bangladesh
,,,,,,,India
,,,,,,,Bangladesh
,,,,,,,South Africa
,,,,,,,Zimbabwe
,,,,,,,India
,,,,,,,Zimbabwe
,,,,,,,India
,,,,,,,South Africa
,,,,,,,Zimbabwe
,,,,,,,India
,,,,,,,South Africa
,,,,,,,Pakistan
,,,,,,,Pakistan
,,,,,,,Pakistan
,,,,,,,Pakistan
,,,,,,,Pakistan
,,,,,,,India
,,,,,,,Bangladesh
,,,,,,,India
,,,,,,,Bangladesh
,,,,,,,India
,,,,,,,Bangladesh
,,,,,,,India
,,,,,,,India
,,,,,,,South Africa
,,,,,,,South Africa
,,,,,,,South Africa
,,,,,,,South Africa
,,,,,,,South Africa
,,,,,,,New Zealand
,,,,,,,Australia
,,,,,,,New Zealand
,,,,,,,India
,,,,,,,New Zealand
,,,,,,,Australia
,,,,,,,Australia
,,,,,,,England
,,,,,,,India
,,,,,,,England
,,,,,,,Australia
,,,,,,,Kenya
,,,,,,,England
,,,,,,,Australia
,,,,,,,Kenya
,,,,,,,England
,,,,,,,India
,,,,,,,Australia
,,,,,,,New Zealand
,,,,,,,Australia
,,,,,,,India
,,,,,,,New Zealand
,,,,,,,Australia
,,,,,,,New Zealand
,,,,,,,Australia
,,,,,,,Australia
,,,,,,,Australia
,,,,,,,Bangladesh
,,,,,,,India
,,,,,,,Pakistan
,,,,,,,West Indies
,,,,,,,Bangladesh
,,,,,,,West Indies
,,,,,,,India
,,,,,,,West Indies
,,,,,,,Bangladesh
,,,,,,,Bangladesh
,,,,,,,West Indies
,,,,,,,West Indies
,,,,,,,Sri Lanka
,,,,,,,Sri Lanka
,,,,,,,Sri Lanka
,,,,,,,Sri Lanka
,,,,,,,England
,,,,,,,Sri Lanka
,,,,,,,England
,,,,,,,Ireland
,,,,,,,England
,,,,,,,England
,,,,,,,West Indies
,,,,,,,West Indies
,,,,,,,England
,,,,,,,England
,,,,,,,West Indies
,,,,,,,West Indies
,,,,,,,West Indies
,,,,,,,Sri Lanka
,,,,,,,Sri Lanka
,,,,,,,Sri Lanka
,,,,,,,Sri Lanka
,,,,,,,Sri Lanka
,,,,,,,England
,,,,,,,Australia
,,,,,,,England
,,,,,,,Australia
,,,,,,,England
,,,,,,,England
,,,,,,,Australia
,,,,,,,England
,,,,,,,Sri Lanka
,,,,,,,Sri Lanka
,,,,,,,Sri Lanka
,,,,,,,Sri Lanka
,,,,,,,Bangladesh
,,,,,,,Bangladesh
,,,,,,,Bangladesh
,,,,,,,Bangladesh
,,,,,,,Bangladesh
,,,,,,,India
,,,,,,,India
,,,,,,,India
,,,,,,,Australia
,,,,,,,India
,,,,,,,Australia
,,,,,,,India
,,,,,,,Australia
,,,,,,,South Africa
,,,,,,,India
,,,,,,,Australia
,,,,,,,South Africa
,,,,,,,Australia
,,,,,,,India
,,,,,,,South Africa
,,,,,,,India
,,,,,,,Australia
,,,,,,,Australia
,,,,,,,Australia
,,,,,,,Australia
,,,,,,,Australia
,,,,,,,New Zealand
,,,,,,,New Zealand
,,,,,,,West Indies
,,,,,,,New Zealand
,,,,,,,West Indies
,,,,,,,South Africa
,,,,,,,Canada
,,,,,,,South Africa
,,,,,,,South Africa
,,,,,,,South Africa
,,,,,,,Sri Lanka
,,,,,,,South Africa
,,,,,,,Sri Lanka
,,,,,,,Sri Lanka
,,,,,,,Zimbabwe
,,,,,,,Zimbabwe
,,,,,,,Zimbabwe
,,,,,,,Scotland
,,,,,,,Ireland
,,,,,,,Ireland
,,,,,,,England
,,,,,,,England
,,,,,,,England
,,,,,,,India
,,,,,,,Pakistan
,,,,,,,England
,,,,,,,New Zealand
,,,,,,,Pakistan
,,,,,,,India
,,,,,,,Australia
,,,,,,,England
,,,,,,,South Africa
,,,,,,,India
,,,,,,,England
,,,,,,,Australia
,,,,,,,England
,,,,,,,India
,,,,,,,England
,,,,,,,West Indies
,,,,,,,West Indies
,,,,,,,India
,,,,,,,West Indies
,,,,,,,Netherlands
,,,,,,,West Indies
,,,,,,,India
,,,,,,,India
,,,,,,,West Indies
,,,,,,,West Indies
,,,,,,,West Indies
,,,,,,,Sri Lanka
,,,,,,,West Indies
,,,,,,,Sri Lanka
,,,,,,,West Indies
,,,,,,,Zimbabwe
,,,,,,,Zimbabwe
,,,,,,,Sri Lanka
,,,,,,,Zimbabwe
,,,,,,,Sri Lanka
,,,,,,,Sri Lanka
,,,,,,,Zimbabwe
,,,,,,,Zimbabwe
,,,,,,,Canada
,,,,,,,Zimbabwe
,,,,,,,Canada
,,,,,,,Zimbabwe
,,,,,,,Zimbabwe
,,,,,,,Ireland
,,,,,,,Ireland
,,,,,,,England
,,,,,,,England
,,,,,,,England
,,,,,,,England
,,,,,,,India
,,,,,,,India
,,,,,,,India
,,,,,,,India
,,,,,,,Bangladesh
,,,,,,,Pakistan
,,,,,,,India
,,,,,,,Bangladesh
,,,,,,,Pakistan
,,,,,,,India
,,,,,,,Bangladesh
,,,,,,,Pakistan
,,,,,,,Pakistan
,,,,,,,Sri Lanka
,,,,,,,Pakistan
,,,,,,,Sri Lanka
,,,,,,,Sri Lanka
,,,,,,,India
,,,,,,,South Africa
,,,,,,,India
,,,,,,,South Africa
,,,,,,,India
,,,,,,,South Africa
,,,,,,,South Africa
,,,,,,,South Africa
,,,,,,,South Africa
,,,,,,,Pakistan
,,,,,,,Pakistan
,,,,,,,Pakistan
,,,,,,,Pakistan
,,,,,,,New Zealand
,,,,,,,Pakistan
,,,,,,,New Zealand
,,,,,,,New Zealand
,,,,,,,New Zealand
,,,,,,,Australia
,,,,,,,Australia
,,,,,,,New Zealand
,,,,,,,Australia
,,,,,,,New Zealand
,,,,,,,Netherlands
,,,,,,,Scotland
,,,,,,,Australia
,,,,,,,New Zealand
,,,,,,,Australia
,,,,,,,Canada
,,,,,,,New Zealand
,,,,,,,Kenya
,,,,,,,New Zealand
,,,,,,,Bangladesh
,,,,,,,Bangladesh
,,,,,,,Bangladesh
,,,,,,,West Indies
,,,,,,,Pakistan
,,,,,,,Bangladesh
,,,,,,,India
,,,,,,,West Indies
,,,,,,,India
,,,,,,,West Indies
,,,,,,,Bangladesh
,,,,,,,West Indies
,,,,,,,Bangladesh
,,,,,,,Pakistan
,,,,,,,Hong Kong
,,,,,,,Sri Lanka
,,,,,,,Scotland
,,,,,,,England
,,,,,,,England
,,,,,,,England
,,,,,,,England
,,,,,,,England
,,,,,,,Bangladesh
,,,,,,,Bangladesh
,,,,,,,Bangladesh
,,,,,,,Sri Lanka
,,,,,,,Sri Lanka
,,,,,,,Sri Lanka
,,,,,,,Zimbabwe
,,,,,,,Zimbabwe
,,,,,,,West Indies
,,,,,,,Zimbabwe
,,,,,,,West Indies
,,,,,,,Sri Lanka
,,,,,,,Zimbabwe
,,,,,,,West Indies
,,,,,,,Sri Lanka
,,,,,,,Australia
,,,,,,,England
,,,,,,,Zimbabwe
,,,,,,,Sri Lanka
,,,,,,,England
,,,,,,,Zimbabwe
,,,,,,,Australia
,,,,,,,England
,,,,,,,Zimbabwe
,,,,,,,England
,,,,,,,Australia
,,,,,,,Ireland
,,,,,,,Ireland
,,,,,,,Ireland
,,,,,,,Australia
,,,,,,,India
,,,,,,,Australia
,,,,,,,India
,,,,,,,Australia
,,,,,,,India
,,,,,,,New Zealand
,,,,,,,New Zealand
,,,,,,,New Zealand
,,,,,,,India
,,,,,,,India
,,,,,,,India
,,,,,,,India
,,,,,,,Australia
,,,,,,,India
,,,,,,,Australia
,,,,,,,Australia
,,,,,,,Bangladesh
,,,,,,,Australia
,,,,,,,Bangladesh
,,,,,,,Australia
,,,,,,,Bangladesh
,,,,,,,Sri Lanka
,,,,,,,Bangladesh
,,,,,,,Sri Lanka
,,,,,,,Bangladesh
,,,,,,,Sri Lanka
,,,,,,,Sri Lanka
,,,,,,,New Zealand
,,,,,,,Sri Lanka
,,,,,,,New Zealand
,,,,,,,Sri Lanka
,,,,,,,New Zealand
,,,,,,,Sri Lanka
,,,,,,,New Zealand
,,,,,,,New Zealand
,,,,,,,New Zealand
,,,,,,,Ireland
,,,,,,,New Zealand
,,,,,,,Australia
,,,,,,,South Africa
,,,,,,,New Zealand
,,,,,,,Australia
,,,,,,,South Africa
,,,,,,,England
,,,,,,,New Zealand
,,,,,,,South Africa
,,,,,,,Australia
,,,,,,,New Zealand
,,,,,,,New Zealand
,,,,,,,South Africa
,,,,,,,Australia
,,,,,,,South Africa
,,,,,,,New Zealand
,,,,,,,England
,,,,,,,New Zealand
,,,,,,,Australia
,,,,,,,New Zealand
,,,,,,,Australia
,,,,,,,New Zealand
,,,,,,,India
,,,,,,,South Africa
,,,,,,,Ireland
,,,,,,,New Zealand
,,,,,,,United Arab Emirates
,,,,,,,New Zealand
,,,,,,,Pakistan
,,,,,,,India
,,,,,,,England
,,,,,,,West Indies
,,,,,,,Ireland
,,,,,,,Bangladesh
,,,,,,,South Africa
,,,,,,,India
,,,,,,,New Zealand
,,,,,,,Pakistan
,,,,,,,England
,,,,,,,Ireland
,,,,,,,Pakistan
,,,,,,,Bangladesh
,,,,,,,India
,,,,,,,Ireland
,,,,,,,Pakistan
,,,,,,,Australia
,,,,,,,Bangladesh
,,,,,,,India
,,,,,,,Scotland
,,,,,,,South Africa
,,,,,,,New Zealand
,,,,,,,Australia
,,,,,,,India
,,,,,,,Ireland
,,,,,,,United Arab Emirates
,,,,,,,South Africa
,,,,,,,Bangladesh
,,,,,,,Australia
,,,,,,,New Zealand
,,,,,,,New Zealand
,,,,,,,Australia
,,,,,,,Australia
,,,,,,,Bangladesh
,,,,,,,Bangladesh
,,,,,,,Bangladesh
,,,,,,,Ireland
,,,,,,,Pakistan
,,,,,,,Pakistan
,,,,,,,Pakistan
,,,,,,,England
,,,,,,,England
,,,,,,,England
,,,,,,,England
,,,,,,,Bangladesh
,,,,,,,England
,,,,,,,Bangladesh
,,,,,,,Bangladesh
,,,,,,,Zimbabwe
,,,,,,,Bangladesh
,,,,,,,Sri Lanka
,,,,,,,Zimbabwe
,,,,,,,Bangladesh
,,,,,,,Zimbabwe
,,,,,,,Sri Lanka
,,,,,,,Bangladesh
,,,,,,,Sri Lanka
,,,,,,,Sri Lanka
,,,,,,,Sri Lanka
,,,,,,,Zimbabwe
,,,,,,,Zimbabwe
,,,,,,,Zimbabwe
,,,,,,,South Africa
,,,,,,,South Africa
,,,,,,,South Africa
,,,,,,,Ireland
,,,,,,,England
,,,,,,,England
,,,,,,,England
,,,,,,,England
,,,,,,,England
,,,,,,,Zimbabwe
,,,,,,,Zimbabwe
,,,,,,,Zimbabwe
,,,,,,,Zimbabwe
,,,,,,,Zimbabwe
,,,,,,,India
,,,,,,,Zimbabwe
,,,,,,,India
,,,,,,,India
,,,,,,,India
,,,,,,,India
,,,,,,,Sri Lanka
,,,,,,,Sri Lanka
,,,,,,,Bangladesh
,,,,,,,Sri Lanka
,,,,,,,Bangladesh
,,,,,,,Bangladesh
,,,,,,,England
,,,,,,,England
,,,,,,,United Arab Emirates
,,,,,,,England
,,,,,,,England
,,,,,,,New Zealand
,,,,,,,New Zealand
,,,,,,,New Zealand
,,,,,,,New Zealand
,,,,,,,New Zealand
,,,,,,,Australia
,,,,,,,Australia
,,,,,,,Australia
,,,,,,,Australia
,,,,,,,Australia
,,,,,,,New Zealand
,,,,,,,New Zealand
,,,,,,,New Zealand
,,,,,,,South Africa
,,,,,,,New Zealand
,,,,,,,South Africa
,,,,,,,New Zealand
,,,,,,,South Africa
,,,,,,,South Africa
,,,,,,,South Africa
,,,,,,,West Indies
,,,,,,,West Indies
,,,,,,,Australia
,,,,,,,Australia
,,,,,,,Zimbabwe
,,,,,,,West Indies
,,,,,,,Zimbabwe
,,,,,,,West Indies
,,,,,,,Zimbabwe
,,,,,,,Ireland
,,,,,,,Australia
,,,,,,,West Indies
,,,,,,,England
,,,,,,,West Indies
,,,,,,,England
,,,,,,,West Indies
,,,,,,,England
,,,,,,,England
,,,,,,,England
,,,,,,,Scotland
,,,,,,,Scotland
,,,,,,,Ireland
,,,,,,,Sri Lanka
,,,,,,,Sri Lanka
,,,,,,,England
,,,,,,,England
,,,,,,,Sri Lanka
,,,,,,,England
,,,,,,,Sri Lanka
,,,,,,,England
,,,,,,,Sri Lanka
,,,,,,,England
,,,,,,,Scotland
,,,,,,,Scotland
,,,,,,,South Africa
,,,,,,,Australia
,,,,,,,South Africa
,,,,,,,Pakistan
,,,,,,,South Africa
,,,,,,,Pakistan
,,,,,,,South Africa
,,,,,,,Pakistan
,,,,,,,Bangladesh
,,,,,,,South Africa
,,,,,,,Bangladesh
,,,,,,,South Africa
,,,,,,,Bangladesh
,,,,,,,India
,,,,,,,India
,,,,,,,India
,,,,,,,India
,,,,,,,India
,,,,,,,Hong Kong
,,,,,,,Hong Kong
,,,,,,,Hong Kong
,,,,,,,Zimbabwe
,,,,,,,Sri Lanka
,,,,,,,Zimbabwe
,,,,,,,Zimbabwe
,,,,,,,Sri Lanka
,,,,,,,Zimbabwe
,,,,,,,Zimbabwe
,,,,,,,Australia
,,,,,,,Australia
,,,,,,,Australia
,,,,,,,New Zealand
,,,,,,,New Zealand
,,,,,,,New Zealand
,,,,,,,Australia
,,,,,,,India
,,,,,,,Australia
,,,,,,,India
,,,,,,,Australia
,,,,,,,Hong Kong
,,,,,,,India
,,,,,,,Australia
,,,,,,,United Arab Emirates
,,,,,,,United Arab Emirates
,,,,,,,Australia
,,,,,,,South Africa
,,,,,,,New Zealand
,,,,,,,South Africa
,,,,,,,South Africa
,,,,,,,New Zealand
,,,,,,,South Africa
,,,,,,,South Africa
,,,,,,,New Zealand
,,,,,,,New Zealand
,,,,,,,New Zealand
,,,,,,,New Zealand
,,,,,,,United Arab Emirates
,,,,,,,West Indies
,,,,,,,United Arab Emirates
,,,,,,,New Zealand
,,,,,,,West Indies
,,,,,,,West Indies
,,,,,,,Sri Lanka
,,,,,,,Sri Lanka
,,,,,,,Sri Lanka
,,,,,,,United Arab Emirates
,,,,,,,United Arab Emirates
,,,,,,,West Indies
,,,,,,,West Indies
,,,,,,,West Indies
,,,,,,,England
,,,,,,,England
,,,,,,,Ireland
,,,,,,,Ireland
,,,,,,,Bangladesh
,,,,,,,Ireland
,,,,,,,Ireland
,,,,,,,Bangladesh
,,,,,,,England
,,,,,,,England
,,,,,,,England
,,,,,,,England
,,,,,,,Australia
,,,,,,,South Africa
,,,,,,,India
,,,,,,,Australia
,,,,,,,England
,,,,,,,Pakistan
,,,,,,,India
,,,,,,,Bangladesh
,,,,,,,England
,,,,,,,India
,,,,,,,Pakistan
,,,,,,,England
,,,,,,,Scotland
,,,,,,,Bangladesh
,,,,,,,Scotland
,,,,,,,India
,,,,,,,West Indies
,,,,,,,West Indies
,,,,,,,Sri Lanka
,,,,,,,West Indies
,,,,,,,Sri Lanka
,,,,,,,West Indies
,,,,,,,Sri Lanka
,,,,,,,West Indies
,,,,,,,Sri Lanka
,,,,,,,Sri Lanka
,,,,,,,Sri Lanka
,,,,,,,Sri Lanka
,,,,,,,Sri Lanka
,,,,,,,India
,,,,,,,Sri Lanka
,,,,,,,India
,,,,,,,West Indies
,,,,,,,India
,,,,,,,England
,,,,,,,Australia
,,,,,,,England
,,,,,,,West Indies
,,,,,,,Australia
,,,,,,,West Indies
,,,,,,,Australia
,,,,,,,Pakistan
,,,,,,,Bangladesh
,,,,,,,Pakistan
,,,,,,,Sri Lanka
,,,,,,,South Africa
,,,,,,,Sri Lanka
,,,,,,,India
,,,,,,,South Africa
,,,,,,,Sri Lanka
,,,,,,,New Zealand
,,,,,,,India
,,,,,,,Hong Kong
,,,,,,,India
,,,,,,,India
,,,,,,,Sri Lanka
,,,,,,,West Indies
,,,,,,,New Zealand
,,,,,,,New Zealand
,,,,,,,New Zealand
,,,,,,,Pakistan
,,,,,,,United Arab Emirates
,,,,,,,Ireland
,,,,,,,New Zealand
,,,,,,,Australia
,,,,,,,Zimbabwe
,,,,,,,Scotland
,,,,,,,Pakistan
,,,,,,,Zimbabwe
,,,,,,,Ireland
,,,,,,,Bangladesh
,,,,,,,New Zealand
,,,,,,,Australia
,,,,,,,Scotland
,,,,,,,Zimbabwe
,,,,,,,England
,,,,,,,Scotland
,,,,,,,Bangladesh
,,,,,,,Bangladesh
,,,,,,,England
,,,,,,,Sri Lanka
,,,,,,,England
,,,,,,,South Africa
,,,,,,,South Africa
,,,,,,,India
,,,,,,,India
,,,,,,,India
,,,,,,,South Africa
,,,,,,,England
,,,,,,,New Zealand
,,,,,,,England
,,,,,,,United Arab Emirates
,,,,,,,Hong Kong
,,,,,,,West Indies
,,,,,,,Papua New Guinea
,,,,,,,England
,,,,,,,Papua New Guinea
,,,,,,,Zimbabwe
,,,,,,,West Indies
,,,,,,,New Zealand
,,,,,,,Zimbabwe
,,,,,,,Ireland
,,,,,,,Scotland
,,,,,,,Zimbabwe
,,,,,,,Papua New Guinea
,,,,,,,Ireland
,,,,,,,Zimbabwe
,,,,,,,West Indies
,,,,,,,United Arab Emirates
,,,,,,,Australia
,,,,,,,England
,,,,,,,England
,,,,,,,Australia
,,,,,,,Australia
,,,,,,,England
,,,,,,,Pakistan
,,,,,,,England
,,,,,,,Zimbabwe
,,,,,,,India
,,,,,,,Zimbabwe
,,,,,,,Pakistan
,,,,,,,Bangladesh
,,,,,,,Pakistan
,,,,,,,West Indies
,,,,,,,Bangladesh
,,,,,,,Sri Lanka
,,,,,,,Sri Lanka
,,,,,,,South Africa
,,,,,,,Sri Lanka
,,,,,,,Sri Lanka
,,,,,,,United Arab Emirates
,,,,,,,Bangladesh
,,,,,,,Hong Kong
,,,,,,,India
,,,,,,,Pakistan
,,,,,,,Bangladesh
,,,,,,,Pakistan
,,,,,,,Bangladesh
,,,,,,,Bangladesh
,,,,,,,Zimbabwe
,,,,,,,South Africa
,,,,,,,Zimbabwe
,,,,,,,England
,,,,,,,England
,,,,,,,Sri Lanka
,,,,,,,Sri Lanka
,,,,,,,West Indies
,,,,,,,Bangladesh
,,,,,,,Sri Lanka
,,,,,,,India
,,,,,,,Zimbabwe
,,,,,,,Zimbabwe
,,,,,,,West Indies
,,,,,,,India
,,,,,,,West Indies
,,,,,,,Australia
,,,,,,,New Zealand
,,,,,,,New Zealand
,,,,,,,Australia
,,,,,,,Pakistan
,,,,,,,South Africa
,,,,,,,Bangladesh
,,,,,,,Bangladesh
,,,,,,,Bangladesh
,,,,,,,New Zealand
,,,,,,,New Zealand
,,,,,,,New Zealand
,,,,,,,Australia
,,,,,,,Australia
,,,,,,,Australia
,,,,,,,South Africa
,,,,,,,South Africa
,,,,,,,New Zealand
,,,,,,,United Arab Emirates
,,,,,,,South Africa
,,,,,,,United Arab Emirates
,,,,,,,New Zealand
,,,,,,,South Africa
,,,,,,,United Arab Emirates
,,,,,,,New Zealand
,,,,,,,South Africa
,,,,,,,New Zealand
,,,,,,,New Zealand
,,,,,,,New Zealand
,,,,,,,New Zealand
,,,,,,,West Indies
,,,,,,,New Zealand
,,,,,,,West Indies
,,,,,,,West Indies
,,,,,,,India
,,,,,,,West Indies
,,,,,,,South Africa
,,,,,,,India
,,,,,,,South Africa
,,,,,,,India
,,,,,,,India
,,,,,,,South Africa
,,,,,,,India
,,,,,,,South Africa
,,,,,,,South Africa
,,,,,,,Australia
,,,,,,,Australia
,,,,,,,Australia
,,,,,,,Australia
,,,,,,,Australia
,,,,,,,Zimbabwe
,,,,,,,Zimbabwe
,,,,,,,Zimbabwe
,,,,,,,Namibia
,,,,,,,Papua New Guinea
,,,,,,,Ireland
,,,,,,,Ireland
,,,,,,,Bangladesh
,,,,,,,England
,,,,,,,Ireland
,,,,,,,England
,,,,,,,Bangladesh
,,,,,,,England
,,,,,,,Ireland
,,,,,,,Bangladesh
,,,,,,,England
,,,,,,,England
,,,,,,,Scotland
,,,,,,,England
,,,,,,,Pakistan
,,,,,,,New Zealand
,,,,,,,Bangladesh
,,,,,,,England
,,,,,,,Bangladesh
,,,,,,,India
,,,,,,,Australia
,,,,,,,England
,,,,,,,Australia
,,,,,,,South Africa
,,,,,,,Australia
,,,,,,,England
,,,,,,,Australia
,,,,,,,India
,,,,,,,Bangladesh
,,,,,,,Netherlands
,,,,,,,New Zealand
,,,,,,,Australia
,,,,,,,Netherlands
,,,,,,,England
,,,,,,,New Zealand
,,,,,,,Pakistan
,,,,,,,England
,,,,,,,New Zealand
,,,,,,,India
,,,,,,,South Africa
,,,,,,,Australia
,,,,,,,England
,,,,,,,Ireland
,,,,,,,Sri Lanka
,,,,,,,Bangladesh
,,,,,,,England
,,,,,,,Ireland
,,,,,,,Bangladesh
,,,,,,,Australia
,,,,,,,India
,,,,,,,Ireland
,,,,,,,India
,,,,,,,Australia
,,,,,,,England
,,,,,,,Sri Lanka
,,,,,,,Sri Lanka
,,,,,,,Sri Lanka
,,,,,,,West Indies
,,,,,,,West Indies
,,,,,,,Oman
,,,,,,,West Indies
,,,,,,,Scotland
,,,,,,,Scotland
,,,,,,,Scotland
,,,,,,,Scotland
,,,,,,,Oman
,,,,,,,United States of America
,,,,,,,United States of America
,,,,,,,United States of America
,,,,,,,Namibia
,,,,,,,Namibia
,,,,,,,Pakistan
,,,,,,,Pakistan
,,,,,,,United Arab Emirates
,,,,,,,Scotland
,,,,,,,United Arab Emirates
,,,,,,,Scotland
,,,,,,,United Arab Emirates
,,,,,,,India
,,,,,,,India
,,,,,,,India
,,,,,,,Oman
,,,,,,,Namibia
,,,,,,,West Indies
,,,,,,,Oman
,,,,,,,Namibia
,,,,,,,West Indies
,,,,,,,West Indies
,,,,,,,India
,,,,,,,India
,,,,,,,India
,,,,,,,South Africa
,,,,,,,Nepal
,,,,,,,New Zealand
,,,,,,,Oman
,,,,,,,South Africa
,,,,,,,Nepal
,,,,,,,New Zealand
,,,,,,,Nepal
,,,,,,,South Africa
,,,,,,,Oman
,,,,,,,New Zealand
,,,,,,,Nepal
,,,,,,,Sri Lanka
,,,,,,,Sri Lanka
,,,,,,,South Africa
,,,,,,,Bangladesh
,,,,,,,Sri Lanka
,,,,,,,Bangladesh
,,,,,,,South Africa
,,,,,,,Bangladesh
,,,,,,,South Africa
,,,,,,,Australia
,,,,,,,Ireland
,,,,,,,Ireland
,,,,,,,England
,,,,,,,Australia
,,,,,,,England
,,,,,,,England
,,,,,,,Pakistan
,,,,,,,Zimbabwe
,,,,,,,Zimbabwe
,,,,,,,Australia
,,,,,,,Australia
,,,,,,,India
,,,,,,,Ireland
,,,,,,,Ireland
,,,,,,,West Indies
,,,,,,,West Indies
,,,,,,,Bangladesh
,,,,,,,West Indies
,,,,,,,West Indies
,,,,,,,West Indies
,,,,,,,Bangladesh
,,,,,,,India
,,,,,,,Bangladesh
,,,,,,,India
,,,,,,,New Zealand
,,,,,,,India
,,,,,,,South Africa
,,,,,,,South Africa
,,,,,,,Pakistan
,,,,,,,Netherlands
,,,,,,,Netherlands
,,,,,,,Bangladesh
,,,,,,,Bangladesh
,,,,,,,Sri Lanka
,,,,,,,Netherlands
,,,,,,,Netherlands
,,,,,,,Ireland
,,,,,,,Sri Lanka
,,,,,,,Sri Lanka
,,,,,,,Sri Lanka
,,,,,,,Pakistan
,,,,,,,England
,,,,,,,Ireland
,,,,,,,Ireland
,,,,,,,Pakistan
,,,,,,,Bangladesh
,,,,,,,South Africa
,,,,,,,Zimbabwe
,,,,,,,Sri Lanka
,,,,,,,Zimbabwe
,,,,,,,Australia
,,,,,,,Sri Lanka
,,,,,,,Australia
,,,,,,,India
,,,,,,,West Indies
,,,,,,,Sri Lanka
,,,,,,,South Africa
,,,,,,,Papua New Guinea
,,,,,,,Papua New Guinea
,,,,,,,Sri Lanka
,,,,,,,Zimbabwe
,,,,,,,United States of America
,,,,,,,Nepal
,,,,,,,Ireland
,,,,,,,United States of America
,,,,,,,Zimbabwe
,,,,,,,Nepal
,,,,,,,United States of America
,,,,,,,Oman
,,,,,,,Papua New Guinea
,,,,,,,Oman
,,,,,,,Scotland
,,,,,,,Papua New Guinea
,,,,,,,Papua New Guinea
,,,,,,,Scotland
,,,,,,,Namibia
,,,,,,,South Africa
,,,,,,,West Indies
,,,,,,,West Indies
,,,,,,,Zimbabwe
,,,,,,,West Indies
,,,,,,,Zimbabwe
,,,,,,,South Africa
,,,,,,,Sri Lanka
,,,,,,,India
,,,,,,,South Africa
,,,,,,,Oman
,,,,,,,Oman
,,,,,,,West Indies
,,,,,,,Oman
,,,,,,,India
,,,,,,,India
,,,,,,,Oman
,,,,,,,Namibia
,,,,,,,Namibia
,,,,,,,Oman
,,,,,,,Namibia
,,,,,,,United Arab Emirates
,,,,,,,Oman
,,,,,,,Papua New Guinea
,,,,,,,Papua New Guinea
,,,,,,,United Arab Emirates
,,,,,,,Bangladesh
,,,,,,,United Arab Emirates
,,,,,,,Bangladesh
,,,,,,,United Arab Emirates
,,,,,,,Papua New Guinea
,,,,,,,South Africa
,,,,,,,Papua New Guinea
,,,,,,,Nepal
,,,,,,,Netherlands
,,,,,,,Australia
,,,,,,,Australia
,,,,,,,New Zealand
,,,,,,,Australia
,,,,,,,New Zealand
,,,,,,,Scotland
,,,,,,,Scotland
,,,,,,,Papua New Guinea
,,,,,,,Scotland
,,,,,,,Oman
,,,,,,,Oman
,,,,,,,United States of America
,,,,,,,Scotland
,,,,,,,United Arab Emirates
,,,,,,,Netherlands
,,,,,,,United Arab Emirates
,,,,,,,Netherlands
,,,,,,,Scotland
,,,,,,,United States of America
,,,,,,,West Indies
,,,,,,,West Indies
,,,,,,,United States of America
,,,,,,,Oman
,,,,,,,Pakistan
,,,,,,,Nepal
,,,,,,,Pakistan
,,,,,,,Oman
,,,,,,,Oman
,,,,,,,Sri Lanka
,,,,,,,United States of America
,,,,,,,Sri Lanka
,,,,,,,England
,,,,,,,Australia
,,,,,,,Netherlands
,,,,,,,Sri Lanka
,,,,,,,Netherlands
,,,,,,,Sri Lanka
,,,,,,,West Indies
,,,,,,,Ireland
,,,,,,,Namibia
,,,,,,,Ireland
,,,,,,,England
,,,,,,,Scotland
,,,,,,,West Indies
,,,,,,,Namibia
,,,,,,,England
,,,,,,,New Zealand
,,,,,,,Namibia
,,,,,,,West Indies
,,,,,,,Nepal
,,,,,,,England
,,,,,,,South Africa
,,,,,,,India
,,,,,,,England
,,,,,,,West Indies
,,,,,,,South Africa
,,,,,,,India
,,,,,,,Scotland
,,,,,,,Bangladesh
,,,,,,,Bangladesh
,,,,,,,Bangladesh
,,,,,,,Scotland
,,,,,,,United Arab Emirates
,,,,,,,United States of America
,,,,,,,Scotland
,,,,,,,Pakistan
,,,,,,,Scotland
,,,,,,,New Zealand
,,,,,,,Zimbabwe
,,,,,,,Netherlands
,,,,,,,New Zealand
,,,,,,,Zimbabwe
,,,,,,,West Indies
,,,,,,,Pakistan
,,,,,,,India
,,,,,,,Zimbabwe
,,,,,,,Zimbabwe
,,,,,,,Australia
,,,,,,,New Zealand
,,,,,,,Australia
,,,,,,,United States of America
,,,,,,,Australia
,,,,,,,Papua New Guinea
,,,,,,,Namibia
,,,,,,,Namibia
,,,,,,,Namibia
,,,,,,,Namibia
,,,,,,,South Africa
,,,,,,,South Africa
,,,,,,,South Africa
,,,,,,,United Arab Emirates
,,,,,,,United Arab Emirates
,,,,,,,England
,,,,,,,United Arab Emirates
,,,,,,,Papua New Guinea
,,,,,,,Australia
,,,,,,,United States of America
,,,,,,,Papua New Guinea
,,,,,,,Australia
,,,,,,,Papua New Guinea
,,,,,,,United States of America
,,,,,,,India
,,,,,,,United States of America
,,,,,,,India
,,,,,,,India
,,,,,,,Namibia
,,,,,,,Nepal
,,,,,,,Nepal
,,,,,,,India
,,,,,,,Scotland
,,,,,,,Namibia
,,,,,,,Bangladesh
,,,,,,,Nepal
,,,,,,,India
,,,,,,,New Zealand
,,,,,,,India
,,,,,,,New Zealand
,,,,,,,Sri Lanka
,,,,,,,Pakistan
,,,,,,,India
,,,,,,,India
,,,,,,,Ireland
,,,,,,,New Zealand
,,,,,,,Ireland
,,,,,,,Zimbabwe
,,,,,,,India
,,,,,,,South Africa
,,,,,,,England
,,,,,,,England
,,,,,,,Namibia
,,,,,,,Namibia
,,,,,,,Scotland
,,,,,,,Namibia
,,,,,,,Scotland
,,,,,,,Scotland
,,,,,,,Namibia
,,,,,,,United Arab Emirates
,,,,,,,Papua New Guinea
,,,,,,,Bangladesh
,,,,,,,United Arab Emirates
,,,,,,,Papua New Guinea
,,,,,,,England
,,,,,,,United Arab Emirates
,,,,,,,Nepal
,,,,,,,Bangladesh
,,,,,,,Nepal
,,,,,,,Papua New Guinea
,,,,,,,Nepal
,,,,,,,Papua New Guinea
,,,,,,,Papua New Guinea
,,,,,,,United Arab Emirates
,,,,,,,Australia
,,,,,,,Bangladesh
,,,,,,,West Indies
,,,,,,,India
,,,,,,,Bangladesh
,,,,,,,Zimbabwe
,,,,,,,West Indies
,,,,,,,Australia
,,,,,,,Zimbabwe
,,,,,,,Ireland
,,,,,,,Netherlands
,,,,,,,New Zealand
,,,,,,,United States of America
,,,,,,,United Arab Emirates
,,,,,,,Canada
,,,,,,,United Arab Emirates
,,,,,,,Jersey
,,,,,,,Netherlands
,,,,,,,Sri Lanka
,,,,,,,Jersey
,,,,,,,Canada
,,,,,,,United Arab Emirates
,,,,,,,United States of America
,,,,,,,South Africa
,,,,,,,United States of America
,,,,,,,Namibia
,,,,,,,Canada
,,,,,,,United Arab Emirates
,,,,,,,Nepal
,,,,,,,New Zealand
,,,,,,,United Arab Emirates
,,,,,,,New Zealand
,,,,,,,United Arab Emirates
,,,,,,,Pakistan
,,,,,,,Pakistan
,,,,,,,New Zealand
,,,,,,,Bangladesh
,,,,,,,Ireland
,,,,,,,Bangladesh
,,,,,,,United Arab Emirates
,,,,,,,West Indies
,,,,,,,United Arab Emirates
,,,,,,,West Indies
,,,,,,,Nepal
,,,,,,,Ireland
,,,,,,,Sri Lanka
,,,,,,,United States of America
,,,,,,,Netherlands
,,,,,,,United Arab Emirates
,,,,,,,Ireland
,,,,,,,United States of America
,,,,,,,West Indies
,,,,,,,Scotland
,,,,,,,Oman
,,,,,,,Nepal
,,,,,,,Zimbabwe
,,,,,,,Scotland
,,,,,,,Sri Lanka
,,,,,,,West Indies
,,,,,,,Zimbabwe
,,,,,,,Ireland
,,,,,,,Sri Lanka
,,,,,,,Zimbabwe
,,,,,,,United States of America
,,,,,,,Sri Lanka
,,,,,,,West Indies
,,,,,,,United Arab Emirates
,,,,,,,Zimbabwe
,,,,,,,Netherlands
,,,,,,,Nepal
,,,,,,,Scotland
,,,,,,,Oman
,,,,,,,United Arab Emirates
,,,,,,,Scotland
,,,,,,,West Indies
,,,,,,,Sri Lanka
,,,,,,,West Indies
,,,,,,,India
,,,,,,,India
,,,,,,,Pakistan
,,,,,,,Bangladesh
,,,,,,,India
,,,,,,,Nepal
,,,,,,,Bangladesh
,,,,,,,South Africa
,,,,,,,England
,,,,,,,Sri Lanka
,,,,,,,Australia
,,,,,,,India
,,,,,,,England
,,,,,,,India
,,,,,,,South Africa
,,,,,,,England
,,,,,,,Pakistan
,,,,,,,Bangladesh
,,,,,,,South Africa
,,,,,,,England
,,,,,,,Sri Lanka
,,,,,,,South Africa
,,,,,,,New Zealand
,,,,,,,Australia
,,,,,,,New Zealand
,,,,,,,England
,,,,,,,India
,,,,,,,Bangladesh
,,,,,,,England
,,,,,,,Australia
,,,,,,,England
,,,,,,,Pakistan
,,,,,,,South Africa
,,,,,,,Australia
,,,,,,,New Zealand
,,,,,,,Sri Lanka
,,,,,,,England
,,,,,,,South Africa
,,,,,,,Bangladesh
,,,,,,,Pakistan
,,,,,,,Sri Lanka
,,,,,,,Netherlands
,,,,,,,Bangladesh
,,,,,,,Australia
,,,,,,,South Africa
,,,,,,,Netherlands
,,,,,,,New Zealand
,,,,,,,South Africa
,,,,,,,Australia
,,,,,,,England
,,,,,,,Pakistan
,,,,,,,Netherlands
,,,,,,,Australia
,,,,,,,India
,,,,,,,Bangladesh
,,,,,,,South Africa
,,,,,,,India
,,,,,,,Australia
,,,,,,,New Zealand
,,,,,,,India
,,,,,,,Sri Lanka
,,,,,,,England
,,,,,,,Sri Lanka
,,,,,,,England
,,,,,,,Bangladesh
,,,,,,,India
,,,,,,,India
,,,,,,,South Africa
,,,,,,,India
,,,,,,,England
,,,,,,,West Indies
,,,,,,,England
,,,,,,,Zimbabwe
,,,,,,,Zimbabwe
,,,,,,,Zimbabwe
,,,,,,,New Zealand
,,,,,,,South Africa
,,,,,,,India
,,,,,,,Bangladesh
,,,,,,,India
,,,,,,,New Zealand
,,,,,,,Sri Lanka
,,,,,,,Zimbabwe
,,,,,,,Zimbabwe
,,,,,,,West Indies
,,,,,,,Australia
,,,,,,,West Indies
,,,,,,,Nepal
,,,,,,,Canada
,,,,,,,Canada
,,,,,,,Nepal
,,,,,,,Netherlands
,,,,,,,Namibia
,,,,,,,Nepal
,,,,,,,Namibia
,,,,,,,Nepal
,,,,,,,United Arab Emirates
,,,,,,,Scotland
,,,,,,,United Arab Emirates
,,,,,,,Canada
,,,,,,,Scotland
,,,,,,,Sri Lanka
,,,,,,,Bangladesh
,,,,,,,Sri Lanka
,,,,,,,Oman
,,,,,,,Oman
,,,,,,,Scotland
,,,,,,,Oman
,,,,,,,Namibia
,,,,,,,Scotland
,,,,,,,Sri Lanka
,,,,,,,Sri Lanka
,,,,,,,Sri Lanka
,,,,,,,Canada
,,,,,,,United States of America
,,,,,,,Netherlands
,,,,,,,Netherlands
,,,,,,,United States of America
,,,,,,,Netherlands
,,,,,,,Canada
,,,,,,,Namibia
,,,,,,,Nepal
,,,,,,,United Arab Emirates
,,,,,,,England
,,,,,,,Canada
,,,,,,,Namibia
,,,,,,,Australia
,,,,,,,Nepal
,,,,,,,Namibia
,,,,,,,United States of America
,,,,,,,Australia
,,,,,,,Oman
,,,,,,,United Arab Emirates
,,,,,,,England
,,,,,,,England
,,,,,,,South Africa
,,,,,,,South Africa
,,,,,,,Ireland
,,,,,,,West Indies
,,,,,,,West Indies
,,,,,,,United States of America
,,,,,,,Sri Lanka
,,,,,,,Scotland
,,,,,,,Scotland
,,,,,,,England
,,,,,,,United Arab Emirates
,,,,,,,United States of America
,,,,,,,West Indies
,,,,,,,United Arab Emirates
,,,,,,,Nepal
,,,,,,,Pakistan
,,,,,,,Netherlands
,,,,,,,England
,,,,,,,United Arab Emirates
,,,,,,,Australia
,,,,,,,Netherlands
,,,,,,,Australia
,,,,,,,Oman
,,,,,,,Sri Lanka
,,,,,,,New Zealand
,,,,,,,New Zealand
,,,,,,,Zimbabwe
,,,,,,,Zimbabwe
,,,,,,,Pakistan
,,,,,,,Bangladesh
,,,,,,,Bangladesh
,,,,,,,Bangladesh
,,,,,,,South Africa
,,,,,,,Pakistan
,,,,,,,Pakistan
,,,,,,,Sri Lanka
,,,,,,,New Zealand
,,,,,,,Sri Lanka
,,,,,,,England
,,,,,,,United States of America
,,,,,,,New Zealand
,,,,,,,England
,,,,,,,Namibia
,,,,,,,South Africa
,,,,,,,United States of America
,,,,,,,Sri Lanka
,,,,,,,South Africa
,,,,,,,India
,,,,,,,Sri Lanka
,,,,,,,United States of America
,,,,,,,Zimbabwe
,,,,,,,Pakistan
,,,,,,,Namibia
,,,,,,,Zimbabwe
,,,,,,,United States of America
,,,,,,,Ireland
,,,,,,,New Zealand
,,,,,,,Bangladesh
,,,,,,,England
,,,,,,,Pakistan
,,,,,,,Bangladesh
,,,,,,,England
,,,,,,,India
,,,,,,,Australia
,,,,,,,New Zealand
,,,,,,,Netherlands
,,,,,,,Canada
,,,,,,,New Zealand
,,,,,,,Namibia
,,,,,,,Namibia
,,,,,,,New Zealand
,,,,,,,New Zealand
,,,,,,,New Zealand